"Term","Overlap","P.value","Adjusted.P.value","Old.P.value","Old.Adjusted.P.value","Odds.Ratio","Combined.Score","Genes"
"IRF1 21803131 ChIP-Seq MONOCYTES Human","21/345",2.2471770417602e-21,1.1460602912977e-18,0,0,28.2448559670782,1342.89072282272,"DTX3L;SAMD9;UBA7;NLRC5;TAP1;IFI44;ISG15;IFIT1;PARP9;DDX60;PARP14;IFIT3;IFIT2;PARP10;BST2;APOL6;ZNFX1;OAS3;APOL1;TRIM21;GBP1"
"IRF8 22096565 ChIP-ChIP GC-B Human","11/203",5.92035544317415e-11,1.50969063800941e-08,0,0,20.5645833333333,484.296750515954,"IFIH1;APOL6;SAMD9;OAS3;MX2;IFIT5;TAP1;APOL1;TRIM21;IFIT3;IFIT2"
"IRF8 22096565 ChIP-ChIP GC-B Mouse","16/772",2.92847986052857e-09,4.97841576289858e-07,0,0,8.11767195767196,159.502369626914,"DTX3L;MX2;TAP1;PPM1K;IFIT1;PARP9;PARP14;USP18;PML;IFIH1;BST2;CCL5;IRF7;TRIM21;GBP1;GBP4"
"SOX2 20726797 ChIP-Seq SW620 Human","20/2564",0.00015021496877014,0.0191524085181929,0,0,2.97203992343451,26.1641845491081,"IFITM1;DTX3L;SAMD9;MX1;IFI6;IFI44;ISG15;IFIT1;PARP9;PARP14;USP18;IFIT2;OASL;BST2;APOL6;ZNFX1;IFI27;OAS3;IRF7;APOL1"
"IRF8 27001747 Chip-Seq BMDM Mouse","16/2000",0.000630039735261911,0.054296816053756,0,0,2.89516129032258,21.3365502667071,"BATF2;SAMD9L;DTX3L;RSAD2;MX2;IFI44;ISG15;PPM1K;SAMHD1;PARP14;IFIH1;HERC5;CCL5;CMPK2;XAF1;TRIM21"
"IRF8 21731497 ChIP-ChIP J774 Mouse","6/319",0.000638786071220658,0.054296816053756,0,0,6.26869009584665,46.1121141567222,"IFIH1;DTX3L;MX2;PPM1K;PARP14;USP18"
"STAT4 19710469 ChIP-ChIP TH1  Mouse","14/1939",0.00382515137512126,0.278689600187406,0,0,2.51874125874126,14.0197098862076,"DTX3L;TAP1;TULP2;PPM1K;PARP9;SAMHD1;PML;BST2;APOL6;IFI27;IRF7;TRIM21;GBP1;GBP4"
"ELF3 26769127 Chip-Seq PDAC-Cell line Human","14/2000",0.00504801983466964,0.321811264460189,0,0,2.43310868386397,12.8681259960878,"MX1;IFIT5;ISG15;IFIT3;IFI44L;IFIT2;APOL6;ZNFX1;IFI27;OAS3;TRIM14;APOL1;GBP1;GBP4"
"MAF 26560356 Chip-Seq TH1 Human","13/2000",0.0126669464708194,0.646014270011787,0,0,2.21544757907531,9.67875725543734,"IFITM1;IFI44;ISG15;HLA-F;DDX60;SAMHD1;IFIT3;PML;OASL;IFI16;IRF7;XAF1;IRF9"
"MAF 26560356 Chip-Seq TH2 Human","13/2000",0.0126669464708194,0.646014270011787,0,0,2.21544757907531,9.67875725543734,"IFITM1;IFI6;NLRC5;IFI44;ISG15;IFIT3;PATL2;RASGRP3;IFI16;OAS3;IRF7;TRIM22;SMTNL1"
"MYB 26560356 Chip-Seq TH2 Human","12/2000",0.0292254204603619,0.999996234549953,0,0,2.00603621730382,7.08675701320629,"PARP10;ZNFX1;RSAD2;IFI16;IFIT5;IFI6;PPM1K;XAF1;IFIT3;GBP4;HERC6;RASGRP3"
"FOXA1 26769127 Chip-Seq PDAC-Cell line Human","12/2000",0.0292254204603619,0.999996234549953,0,0,2.00603621730382,7.08675701320629,"ZNFX1;OAS2;IFIT5;IFI6;CMPK2;IFI44;PPM1K;IFIT1;GBP1;IFIT3;IFIT2;OASL"
"GATA2 20887958 ChIP-Seq HPC-7 Mouse","10/1708",0.0525021611061566,0.999996234549953,0,0,1.91780245667171,5.65157387439189,"BST2;APOL6;UBA7;PLSCR2;OAS3;CCL5;PLEKHA4;IRF9;PML;PLA1A"
"NANOG 18692474 ChIP-Seq MEFs Mouse","11/1989",0.0598691844602765,0.999996234549953,0,0,1.81557128412538,5.11191044489217,"BST2;IFITM1;TULP2;ISG15;PLEKHA4;IFIT1;PARP9;GBP1;GBP4;PML;SMTNL1"
"SOX2 21211035 ChIP-Seq LN229 Human","11/2000",0.0618220579300937,0.999996234549953,0,0,1.8044243338361,5.02260620812723,"PARP10;BST2;ZNFX1;UBA7;PLSCR2;MX1;TULP2;ISG15;SAMHD1;IFIT3;OASL"
"CBP 21632823 ChIP-Seq H3396 Human","11/2000",0.0618220579300937,0.999996234549953,0,0,1.8044243338361,5.02260620812723,"BATF2;IFITM1;IFIT5;IRF7;IFIT1;TRIM21;IFIT3;TRIM22;IFIT2;OASL;SMTNL1"
"GATA3 27048872 Chip-Seq THYMUS Human","11/2000",0.0618220579300937,0.999996234549953,0,0,1.8044243338361,5.02260620812723,"IFI16;OAS2;LAMP3;CCL5;MX2;IFIT5;IFIT3;TRIM22;GBP4;PATL2;RASGRP3"
"BACH1 22875853 ChIP-PCR HELA AND SCP4 Human","8/1352",0.0759489287613839,0.999996234549953,0,0,1.90784072249589,4.91782987821695,"IFITM1;APOL6;LAMP3;CCL5;TRIM14;HLA-F;HERC6;PLA1A"
"STAT6 20620947 ChIP-Seq CD4 POS T Human","4/508",0.0868481003365535,0.999996234549953,0,0,2.48719918074757,6.07770663508358,"APOL6;PLEKHA4;PATL2;RASGRP3"
"EGR1 23403033 ChIP-Seq LIVER Mouse","6/944",0.0906559351619155,0.999996234549953,0,0,2.02515991471215,4.86176874252246,"SAMD9L;PLSCR2;NLRC5;IFIT3;PML;PLA1A"
"RELA 24523406 ChIP-Seq FIBROSARCOMA Human","7/1182",0.0938538078233804,0.999996234549953,0,0,1.89416516408222,4.48162687156727,"IFIH1;CCL5;MX1;IRF7;TAP1;GBP1;IFI44L"
"RUNX1 17652178 ChIP-ChIP JURKAT Human","6/1003",0.112655889455899,0.999996234549953,0,0,1.89939819458375,4.14717893929625,"HERC5;APOL6;MX2;TDRD7;SAMHD1;IFIT3"
"GATA1 22025678 ChIP-Seq K562 Human","1/38",0.118141353193089,0.999996234549953,0,0,8.27318087318087,17.6704674817939,"RSAD2"
"SMAD3 22036565 ChIP-Seq ESCs Mouse","6/1020",0.119468074760625,0.999996234549953,0,0,1.86587771203156,3.96444175682798,"IFITM1;ZNFX1;TULP2;PLEKHA4;PML;PATL2"
"MYB 26560356 Chip-Seq TH1 Human","10/2000",0.119560969111071,0.999996234549953,0,0,1.61019382627423,3.41993709909726,"BST2;IFITM1;IFI16;LAMP3;IFI6;PPM1K;IFIT1;XAF1;IFIT3;HERC6"
"E2A 27217539 Chip-Seq RAMOS-Cell line Human","10/2000",0.119560969111071,0.999996234549953,0,0,1.61019382627423,3.41993709909726,"PARP10;BST2;OAS2;TRANK1;IFI6;TULP2;PPM1K;SAMHD1;IFIT3;RASGRP3"
"GATA2 21571218 ChIP-Seq MEGAKARYOCYTES Human","6/1111",0.159318746735562,0.999996234549953,0,0,1.70398190045249,3.12995640538178,"TRANK1;IFI6;NLRC5;CMPK2;IFI44;IFIT2"
"DNAJC2 21179169 ChIP-ChIP NT2 Human","5/899",0.174852213019033,0.999996234549953,0,0,1.7456999303187,3.04417625564772,"ZNFX1;CCL5;IRF7;APOL1;IRF9"
"KLF1 20508144 ChIP-Seq FETAL-LIVER-ERYTHROID Mouse","6/1144",0.175083665401062,0.999996234549953,0,0,1.65166959578207,2.87801995282239,"SAMD9L;APOL6;RSAD2;USP18;IRF9;SMTNL1"
"MYB 21317192 ChIP-Seq ERMYB Mouse","5/923",0.18829951968314,0.999996234549953,0,0,1.69791778277796,2.83504964737603,"SAMD9L;ZNFX1;RSAD2;CCL5;SAMHD1"
"NANOG 18692474 ChIP-Seq MESCs Mouse","13/3052",0.198892983010578,0.999996234549953,0,0,1.36362507527923,2.20223864133362,"IFITM1;TULP2;ISG15;PPM1K;PLEKHA4;IFIT1;PARP9;PML;BST2;OAS2;GBP1;GBP4;SMTNL1"
"STAT5 23275557 ChIP-Seq MAMMARY-EPITHELIUM Mouse","6/1197",0.201708516206607,0.999996234549953,0,0,1.57371956339211,2.51941739866666,"PLSCR2;MX2;PPM1K;SAMHD1;PARP14;IRF9"
"SMAD2/3 21741376 ChIP-Seq ESCs Human","9/2000",0.210854968381147,0.999996234549953,0,0,1.4229559332787,2.2149514850105,"BATF2;APOL6;OAS3;MX2;IRF7;CMPK2;HLA-F;SAMHD1;OASL"
"TAL1 22897851 ChIP-Seq JUKARTE6-1 Human","9/2000",0.210854968381147,0.999996234549953,0,0,1.4229559332787,2.2149514850105,"APOL6;IFI16;MX2;MX1;NLRC5;TRIM14;GBP1;IFIT3;PLA1A"
"ETV1 20927104 ChIP-Seq GIST48 Human","9/2000",0.210854968381147,0.999996234549953,0,0,1.4229559332787,2.2149514850105,"IFI16;IFI6;CMPK2;IFI44;ISG15;GBP1;IFI44L;GBP4;RASGRP3"
"EBNA1 20929547 Chip-Seq RAJI-cells Human","9/2000",0.210854968381147,0.999996234549953,0,0,1.4229559332787,2.2149514850105,"PARP10;BST2;RSAD2;CCL5;PPM1K;PLEKHA4;HLA-F;APOL1;RASGRP3"
"RBPJ 21746931 ChIP-Seq IB4 Human","9/2000",0.210854968381147,0.999996234549953,0,0,1.4229559332787,2.2149514850105,"IFI16;IFI6;CMPK2;IFI44;ISG15;GBP1;IFI44L;GBP4;RASGRP3"
"PCGF4 22325352 ChIP-Seq 293T-Rex Human","9/2000",0.210854968381147,0.999996234549953,0,0,1.4229559332787,2.2149514850105,"IFI16;IFI6;CMPK2;IFI44;ISG15;GBP1;IFI44L;GBP4;RASGRP3"
"RUNX1 22412390 ChIP-Seq EML Mouse","9/2000",0.210854968381147,0.999996234549953,0,0,1.4229559332787,2.2149514850105,"BST2;UBA7;PLSCR2;OAS3;IRF7;ISG15;SAMHD1;GBP4;PML"
"KDM2B 26808549 Chip-Seq DND41 Human","9/2000",0.210854968381147,0.999996234549953,0,0,1.4229559332787,2.2149514850105,"PARP10;IFITM1;DTX3L;IFIT5;IRF7;IFI6;ISG15;IFIT3;TRIM22"
"GLI1 17442700 ChIP-ChIP MESCs Mouse","1/73",0.214734900086333,0.999996234549953,0,0,4.24401709401709,6.52878808704605,"LAMP3"
"FLI1 20887958 ChIP-Seq HPC-7 Mouse","9/2030",0.223336710698152,0.999996234549953,0,0,1.39948957004089,2.09793945333616,"IFIH1;UBA7;PLSCR2;PLEKHA4;PARP9;USP18;GBP4;IFIT2;PATL2"
"TRIM28 21343339 ChIP-Seq HEK293 Human","1/90",0.257814069649445,0.999996234549953,0,0,3.43042350907519,4.64999606006876,"BST2"
"AR 21909140 ChIP-Seq LNCAP Human","2/298",0.258061276238106,0.999996234549953,0,0,2.07326858108108,2.80836299350803,"ISG15;PPM1K"
"SALL1 21062744 ChIP-ChIP HESCs Human","1/105",0.293886517881982,0.999996234549953,0,0,2.93343195266272,3.59216806606192,"PARP14"
"ATF3 23680149 ChIP-Seq GBM1-GSC Human","9/2189",0.293929853552423,0.999996234549953,0,0,1.28590053114437,1.57447478457038,"HERC5;IFI16;MX1;XAF1;GBP1;IFIT3;IFIT2;OASL;PLA1A"
"ZFP281 18358816 ChIP-ChIP MESCs Mouse","3/578",0.297831963529734,0.999996234549953,0,0,1.6032298136646,1.94187336540803,"DTX3L;PLEKHA4;PARP9"
"PPARG 20176806 ChIP-Seq THIOMACROPHAGE Mouse","4/837",0.2983598743029,0.999996234549953,0,0,1.47937884831352,1.78924198105509,"IFIH1;TDRD7;USP18;PML"
"RUNX1 20887958 ChIP-Seq HPC-7 Mouse","5/1120",0.310116198489143,0.999996234549953,0,0,1.38344482834669,1.61974857403908,"APOL6;UBA7;PLEKHA4;IRF9;PML"
"NR1H3 23393188 ChIP-Seq ATHEROSCLEROTIC-FOAM Human","3/599",0.316874246074914,0.999996234549953,0,0,1.54506232023011,1.77566331015263,"CCL5;IFI6;GBP1"
"FOXO1 23066095 ChIP-Seq LIVER Mouse","2/347",0.317979315048179,0.999996234549953,0,0,1.77436594202899,2.03301339403852,"MX2;TDRD7"
"SOX11 23321250 ChIP-ChIP Z138-A519-JVM2 Human","5/1134",0.319298912154514,0.999996234549953,0,0,1.36527319984318,1.55863354769116,"IFITM1;OAS3;MX2;MX1;TDRD7"
"SMAD 19615063 ChIP-ChIP OVARY Human","1/124",0.337108222849991,0.999996234549953,0,0,2.47792370231395,2.69437347012761,"APOL6"
"POU5F1 16153702 ChIP-ChIP HESCs Human","3/622",0.337770882149994,0.999996234549953,0,0,1.48588352950227,1.61275937492593,"IFIH1;IFI16;TRIM22"
"CEBPB 21427703 ChIP-Seq 3T3-L1 Mouse","8/2000",0.338458525196601,0.999996234549953,0,0,1.24234870516549,1.34590309053924,"HERC5;SAMD9L;RSAD2;NLRC5;PPM1K;SAMHD1;TRIM21;USP18"
"TCF21 26020271 ChIP-Seq SMOOTH MUSCLE Human","8/2000",0.338458525196601,0.999996234549953,0,0,1.24234870516549,1.34590309053924,"APOL6;DTX3L;TDRD7;PPM1K;IFIT1;DDX60;IFIT2;PLA1A"
"RARB 24833708 ChIP-Seq LIVER Mouse","8/2000",0.338458525196601,0.999996234549953,0,0,1.24234870516549,1.34590309053924,"PARP10;APOL6;UBA7;OAS2;MX2;IFIT1;PARP14;SMTNL1"
"NANOG 20526341 ChIP-Seq ESCs Human","8/2000",0.338458525196601,0.999996234549953,0,0,1.24234870516549,1.34590309053924,"IFITM1;OAS3;CCL5;TRANK1;SAMHD1;IFIT3;HERC6;PLA1A"
"GATA3 21867929 ChIP-Seq TH1 Mouse","8/2000",0.338458525196601,0.999996234549953,0,0,1.24234870516549,1.34590309053924,"DTX3L;OAS2;CCL5;MX2;NLRC5;IFI44;IFIT3;PLA1A"
"CTCF 21964334 Chip-Seq Bcells Human","8/2000",0.338458525196601,0.999996234549953,0,0,1.24234870516549,1.34590309053924,"SAMD9;IFI6;CMPK2;TRIM14;ISG15;IFI44L;HERC6;RASGRP3"
"CBX2 22325352 ChIP-Seq 293T-Rex Human","8/2000",0.338458525196601,0.999996234549953,0,0,1.24234870516549,1.34590309053924,"IFI16;IFI6;CMPK2;IFI44;ISG15;IFI44L;GBP4;RASGRP3"
"GATA2 22383799 ChIP-Seq G1ME Mouse","8/2000",0.338458525196601,0.999996234549953,0,0,1.24234870516549,1.34590309053924,"RSAD2;UBA7;PLEKHA4;PARP14;XAF1;GBP4;PML;IFIT2"
"GATA1 22383799 ChIP-Seq G1ME Mouse","8/2000",0.338458525196601,0.999996234549953,0,0,1.24234870516549,1.34590309053924,"IFIH1;APOL6;PLSCR2;OAS3;CMPK2;PARP14;IRF9;PML"
"SMRT 22465074 ChIP-Seq MACROPHAGES Mouse","8/2000",0.338458525196601,0.999996234549953,0,0,1.24234870516549,1.34590309053924,"CCL5;MX2;MX1;TRIM14;ISG15;DDX60;IRF9;RASGRP3"
"TCF12/HEB 22897851 ChIP-Seq JUKARTE6-1 Human","8/2000",0.338458525196601,0.999996234549953,0,0,1.24234870516549,1.34590309053924,"ZNFX1;IFI16;MX2;TRANK1;CMPK2;TRIM14;IFIT3;PLA1A"
"RUNX1 22897851 ChIP-Seq JUKARTE6-1 Human","8/2000",0.338458525196601,0.999996234549953,0,0,1.24234870516549,1.34590309053924,"APOL6;MX2;IRF7;NLRC5;GBP1;IFIT3;SMTNL1;PLA1A"
"CTCF 26484167 Chip-Seq Bcells Mouse","8/2000",0.338458525196601,0.999996234549953,0,0,1.24234870516549,1.34590309053924,"DTX3L;OAS2;IRF7;TULP2;SAMHD1;PARP14;IRF9;IFIT2"
"GATA3 26560356 Chip-Seq TH2 Human","8/2000",0.338458525196601,0.999996234549953,0,0,1.24234870516549,1.34590309053924,"IFIH1;RSAD2;UBA7;OAS2;PLSCR2;CMPK2;IFIT3;GBP4"
"RACK7 27058665 Chip-Seq MCF-7 Human","8/2000",0.338458525196601,0.999996234549953,0,0,1.24234870516549,1.34590309053924,"MX2;MX1;IFI6;TAP1;ISG15;PPM1K;PARP14;IFI44L"
"SA1 27219007 Chip-Seq Bcells Human","8/2000",0.338458525196601,0.999996234549953,0,0,1.24234870516549,1.34590309053924,"BATF2;IFI27;OAS3;IFIT5;IFI6;ISG15;APOL1;SMTNL1"
"PBX 27287812 Chip-Seq EMBYONIC-LIMB Mouse","8/2000",0.338458525196601,0.999996234549953,0,0,1.24234870516549,1.34590309053924,"PARP10;APOL6;OAS2;OAS3;CCL5;IFI44;PPM1K;IFIT2"
"LMO2 20887958 ChIP-Seq HPC-7 Mouse","7/1741",0.350755005837429,0.999996234549953,0,0,1.24528375657342,1.30464305640235,"APOL6;UBA7;PLSCR2;CCL5;PLEKHA4;PML;SMTNL1"
"GATA4 21415370 ChIP-Seq HL-1 Mouse","8/2039",0.358466296354619,0.999996234549953,0,0,1.21584407205555,1.24735952406887,"HERC5;BST2;PLSCR2;TDRD7;PPM1K;PLEKHA4;IFIT2;RASGRP3"
"STAT1 20625510 ChIP-Seq HELA Human","3/656",0.368613910557411,0.999996234549953,0,0,1.40603806606869,1.40323371690532,"IRF7;GBP1;OASL"
"NKX2-5 21415370 ChIP-Seq HL-1 Mouse","6/1507",0.379008397479145,0.999996234549953,0,0,1.22804796802132,1.19144835275797,"IFIH1;PLSCR2;TDRD7;IFIT1;SAMHD1;TRIM21"
"SMAD4 19686287 ChIP-ChIP HaCaT Human","2/405",0.387442172578289,0.999996234549953,0,0,1.51450062034739,1.43603233404186,"ZNFX1;SAMD9"
"GATA1 19941827 ChIP-Seq MEL Mouse","7/1834",0.402358913536582,0.999996234549953,0,0,1.17585557503734,1.07051157824018,"IFIH1;ZNFX1;OAS3;TULP2;PLEKHA4;PARP14;SMTNL1"
"CTNNB1 24651522 ChIP-Seq LGR5+ INTESTINAL STEM Human","1/162",0.415882776368864,0.999996234549953,0,0,1.88944099378882,1.65770454381871,"IFI27"
"GFI1B 20887958 ChIP-Seq HPC-7 Mouse","7/1871",0.4229718117296,0.999996234549953,0,0,1.15016003491671,0.989654904260112,"PLSCR2;MX2;TAP1;CMPK2;PLEKHA4;PARP9;USP18"
"TP63 19390658 ChIP-ChIP HaCaT Human","1/179",0.448067094374868,0.999996234549953,0,0,1.70751944684529,1.37081760340494,"PML"
"THRA 23701648 ChIP-Seq CEREBELLUM Mouse","1/179",0.448067094374868,0.999996234549953,0,0,1.70751944684529,1.37081760340494,"IFITM1"
"TP53 22573176 ChIP-Seq HFKS Human","5/1348",0.461163251668788,0.999996234549953,0,0,1.13466303724229,0.87823279176718,"IFIH1;HERC5;ZNFX1;TRIM22;HERC6"
"NACC1 18358816 ChIP-ChIP MESCs Mouse","3/769",0.468712951541762,0.999996234549953,0,0,1.19159517592938,0.902948810498891,"IFITM1;CCL5;PML"
"IRF1 19129219 ChIP-ChIP H3396 Human","1/196",0.478503484478947,0.999996234549953,0,0,1.55731755424063,1.14788597746795,"OAS3"
"SRY 22984422 ChIP-ChIP TESTIS Rat","1/197",0.480241451221398,0.999996234549953,0,0,1.54929356357928,1.13635458388074,"DTX3L"
"SPI1 22096565 ChIP-ChIP GC-B Mouse","6/1676",0.480435995256414,0.999996234549953,0,0,1.09365269461078,0.801714426584978,"MX2;MX1;PPM1K;SAMHD1;GBP4;PML"
"SPI1 23127762 ChIP-Seq K562 Human","5/1389",0.487811207745682,0.999996234549953,0,0,1.09862124514356,0.78861979188093,"PARP10;MX2;IRF7;TRANK1;PML"
"GATA1 21571218 ChIP-Seq MEGAKARYOCYTES Human","9/2601",0.493966303891295,0.999996234549953,0,0,1.05640838206628,0.74507212842009,"ZNFX1;RSAD2;TRANK1;CMPK2;TULP2;USP18;IFIT3;GBP4;IFIT2"
"CDX2 22108803 ChIP-Seq LS180 Human","7/2000",0.494221585361171,0.999996234549953,0,0,1.06803473173055,0.752720235940813,"IFIH1;RSAD2;MX2;CMPK2;PPM1K;SAMHD1;HERC6"
"CEBPB 20176806 ChIP-Seq MACROPHAGES Mouse","7/2000",0.494221585361171,0.999996234549953,0,0,1.06803473173055,0.752720235940813,"IFIH1;BATF2;OAS2;TDRD7;USP18;IFIT3;SMTNL1"
"RXRA 24833708 ChIP-Seq LIVER Mouse","7/2000",0.494221585361171,0.999996234549953,0,0,1.06803473173055,0.752720235940813,"DTX3L;MX2;TRANK1;TRIM14;IFIT1;SMTNL1;PLA1A"
"FOXO3 22982991 ChIP-Seq MACROPHAGES Mouse","7/2000",0.494221585361171,0.999996234549953,0,0,1.06803473173055,0.752720235940813,"PARP10;DTX3L;OAS2;TAP1;CMPK2;TRIM14;DDX60"
"RUNX2 24764292 ChIP-Seq MC3T3 Mouse","7/2000",0.494221585361171,0.999996234549953,0,0,1.06803473173055,0.752720235940813,"SAMD9L;IFITM1;APOL6;PLSCR2;OAS3;SAMHD1;IFIT2"
"SOX2 19829295 ChIP-Seq ESCs Human","7/2000",0.494221585361171,0.999996234549953,0,0,1.06803473173055,0.752720235940813,"BATF2;OAS3;IFIT5;IFI6;IFI44;HLA-F;HERC6"
"NANOG 19829295 ChIP-Seq ESCs Human","7/2000",0.494221585361171,0.999996234549953,0,0,1.06803473173055,0.752720235940813,"BATF2;OAS3;IFIT5;IFI6;IFI44;HLA-F;HERC6"
"TAF2 19829295 ChIP-Seq ESCs Human","7/2000",0.494221585361171,0.999996234549953,0,0,1.06803473173055,0.752720235940813,"IFIH1;SAMD9L;IFI6;TAP1;SAMHD1;TRIM22;IRF9"
"CEBPB 20513432 ChIP-Seq MACROPHAGES Mouse","7/2000",0.494221585361171,0.999996234549953,0,0,1.06803473173055,0.752720235940813,"SAMD9L;OAS2;PLSCR2;TRIM14;TDRD7;USP18;SMTNL1"
"PHF8 20622853 ChIP-Seq HELA Human","7/2000",0.494221585361171,0.999996234549953,0,0,1.06803473173055,0.752720235940813,"IFI16;IFI6;IFI44;ISG15;GBP1;IFI44L;GBP4"
"E2F1 20622854 ChIP-Seq HELA Human","7/2000",0.494221585361171,0.999996234549953,0,0,1.06803473173055,0.752720235940813,"PARP10;BST2;IFI16;CCL5;TDRD7;SAMHD1;HERC6"
"P68 20966046 ChIP-Seq HELA Human","7/2000",0.494221585361171,0.999996234549953,0,0,1.06803473173055,0.752720235940813,"PARP10;BST2;CCL5;IRF7;ISG15;SAMHD1;OASL"
"CDX2 21074721 ChIP-Seq CACO-2 Mouse","7/2000",0.494221585361171,0.999996234549953,0,0,1.06803473173055,0.752720235940813,"IFI16;IFI6;IFI44;ISG15;GBP1;IFI44L;GBP4"
"GATA6 21074721 ChIP-Seq CACO-2 Mouse","7/2000",0.494221585361171,0.999996234549953,0,0,1.06803473173055,0.752720235940813,"IFI16;IFI6;IFI44;ISG15;GBP1;IFI44L;GBP4"
"GATA6 21074721 ChIP-Seq CACO-2 Human","7/2000",0.494221585361171,0.999996234549953,0,0,1.06803473173055,0.752720235940813,"IFI16;IFI6;IFI44;ISG15;GBP1;IFI44L;GBP4"
"HNFA 21074721 ChIP-Seq CACO-2 Human","7/2000",0.494221585361171,0.999996234549953,0,0,1.06803473173055,0.752720235940813,"IFI16;IFI6;IFI44;ISG15;GBP1;IFI44L;GBP4"
"RAC3 21632823 ChIP-Seq H3396 Human","7/2000",0.494221585361171,0.999996234549953,0,0,1.06803473173055,0.752720235940813,"PARP10;MX2;TRIM14;TULP2;GBP1;IRF9;HERC6"
"NFYB 21822215 ChIP-Seq K562 Human","7/2000",0.494221585361171,0.999996234549953,0,0,1.06803473173055,0.752720235940813,"IFI16;IFI6;IFI44;ISG15;GBP1;IFI44L;GBP4"
"GATA3 21878914 ChIP-Seq MCF-7 Human","7/2000",0.494221585361171,0.999996234549953,0,0,1.06803473173055,0.752720235940813,"BST2;SAMD9L;IFI27;TRANK1;CMPK2;SAMHD1;OASL"
"RXR 22158963 ChIP-Seq LIVER Mouse","7/2000",0.494221585361171,0.999996234549953,0,0,1.06803473173055,0.752720235940813,"IFIH1;RSAD2;PLSCR2;MX2;TRIM14;PPM1K;PARP9"
"NCOR 22465074 ChIP-Seq MACROPHAGES Mouse","7/2000",0.494221585361171,0.999996234549953,0,0,1.06803473173055,0.752720235940813,"CCL5;IRF7;CMPK2;ISG15;PARP14;PML;IFIT2"
"GATA3 22897851 ChIP-Seq JUKARTE6-1 Human","7/2000",0.494221585361171,0.999996234549953,0,0,1.06803473173055,0.752720235940813,"HERC5;BST2;MX2;TRANK1;TRIM14;GBP1;IFIT3"
"GATA3 24758297 ChIP-Seq MCF-7 Human","7/2000",0.494221585361171,0.999996234549953,0,0,1.06803473173055,0.752720235940813,"BST2;RSAD2;OAS3;IFIT5;IFIT1;XAF1;IRF9"
"P63 26484246 Chip-Seq KERATINOCYTES Human","7/2000",0.494221585361171,0.999996234549953,0,0,1.06803473173055,0.752720235940813,"PARP10;SAMD9;IFI16;LAMP3;OAS3;TRIM22;PML"
"KLF6 26769127 Chip-Seq PDAC-Cell line Human","7/2000",0.494221585361171,0.999996234549953,0,0,1.06803473173055,0.752720235940813,"IFITM1;IFI27;IFI16;IFIT5;ISG15;TRIM21;GBP4"
"KDM2B 26808549 Chip-Seq HPB-ALL Human","7/2000",0.494221585361171,0.999996234549953,0,0,1.06803473173055,0.752720235940813,"PARP10;MX1;IFIT5;IFI6;TRIM14;ISG15;IFIT3"
"UTX 26944678 Chip-Seq JUKART Human","7/2000",0.494221585361171,0.999996234549953,0,0,1.06803473173055,0.752720235940813,"BST2;IFI16;PLSCR2;ISG15;XAF1;IFIT3;PATL2"
"P300 27058665 Chip-Seq ZR-75-30cells Human","7/2000",0.494221585361171,0.999996234549953,0,0,1.06803473173055,0.752720235940813,"IFI6;IFI44;ISG15;GBP1;IFI44L;PML;OASL"
"MYC 27129775 Chip-Seq CORNEA Mouse","7/2000",0.494221585361171,0.999996234549953,0,0,1.06803473173055,0.752720235940813,"APOL6;DTX3L;ISG15;IFIT1;PARP14;USP18;RASGRP3"
"SMRT 27268052 Chip-Seq Bcells Human","7/2000",0.494221585361171,0.999996234549953,0,0,1.06803473173055,0.752720235940813,"APOL6;ZNFX1;MX2;MX1;TRANK1;NLRC5;IFIT3"
"TFEB 21752829 ChIP-Seq HELA Human","3/808",0.501764590737488,0.999996234549953,0,0,1.1315587104407,0.780350284056129,"NLRC5;IRF9;OASL"
"PPARG 23326641 ChIP-Seq C3H10T1-2 Mouse","3/838",0.52649733008053,0.999996234549953,0,0,1.08919304248646,0.69872715963498,"ZNFX1;TDRD7;SAMHD1"
"MYCN 19997598 ChIP-ChIP NEUROBLASTOMA Human","1/234",0.540687193832,0.999996234549953,0,0,1.30082535490261,0.799896200075853,"PARP10"
"ZFP42 18358816 ChIP-ChIP MESCs Mouse","5/1480",0.545286440643853,0.999996234549953,0,0,1.02578494026118,0.622081166650501,"DTX3L;OAS2;TULP2;PARP9;IFIT2"
"STAT3 24763339 ChIP-Seq IMN-ESCs Mouse","6/1788",0.545332797924394,0.999996234549953,0,0,1.01863075196409,0.617655957021034,"SAMD9L;IFITM1;APOL6;CMPK2;IFIT1;PML"
"VDR 23401126 ChIP-Seq LCL-AND-THP1 Human","1/239",0.548305281142662,0.999996234549953,0,0,1.27317388493859,0.765079552922151,"NLRC5"
"EBNA2 21746931 ChIP-Seq IB4-LCL Human","5/1492",0.552657736063654,0.999996234549953,0,0,1.01684544742964,0.603006017641221,"IFI16;MX2;TULP2;IFIT3;SMTNL1"
"POU5F1 18700969 ChIP-ChIP MESCs Mouse","2/567",0.561997578535293,0.999996234549953,0,0,1.07129424778761,0.617341599698736,"IFITM1;TULP2"
"SCL 19346495 ChIP-Seq HPC-7 Human","1/252",0.567534777211009,0.999996234549953,0,0,1.20643579528042,0.683389477243552,"IFIH1"
"FOXP3 17237761 ChIP-ChIP TREG Mouse","1/257",0.57471406815806,0.999996234549953,0,0,1.18257211538462,0.655006158914507,"IFIT3"
"SPI1 20517297 ChIP-Seq HL60 Human","4/1249",0.597141751056614,0.999996234549953,0,0,0.968467418059334,0.499342531767935,"IFI16;CMPK2;TRIM14;PLEKHA4"
"EGR1 19032775 ChIP-ChIP M12 Human","1/276",0.600940606853315,0.999996234549953,0,0,1.0998041958042,0.56008537543899,"HERC5"
"SMAD1 18555785 ChIP-Seq MESCs Mouse","2/610",0.602162484707963,0.999996234549953,0,0,0.993318256578947,0.503838794841545,"IFITM1;PML"
"JUN 21703547 ChIP-Seq K562 Human","5/1585",0.607824172921643,0.999996234549953,0,0,0.952168499688732,0.474055776840814,"RSAD2;IFIT5;IFIT1;USP18;RASGRP3"
"SOX2 16153702 ChIP-ChIP HESCs Human","4/1278",0.615596940156587,0.999996234549953,0,0,0.944953663847673,0.458456410341569,"IFIH1;IFI16;PLEKHA4;TRIM22"
"TP53 22127205 ChIP-Seq IMR90 Human","3/975",0.630458613221663,0.999996234549953,0,0,0.928963354889281,0.428538010807859,"ZNFX1;TRANK1;TRIM22"
"TCF3/E2A 22897851 ChIP-Seq JUKARTE6-1 Human","6/1946",0.630663209749269,0.999996234549953,0,0,0.927525773195876,0.427573891228193,"SAMD9;IFI16;MX2;TDRD7;DDX60;PLA1A"
"SRF 21415370 ChIP-Seq HL-1 Mouse","5/1634",0.635352670847963,0.999996234549953,0,0,0.92106190059274,0.417770694941221,"BST2;DTX3L;PLEKHA4;SAMHD1;RASGRP3"
"ERG 20887958 ChIP-Seq HPC-7 Mouse","6/1969",0.642332557585913,0.999996234549953,0,0,0.915486500254712,0.405239281752343,"HERC5;CMPK2;PLEKHA4;PARP9;IRF9;IFIT2"
"STAT3 18555785 ChIP-Seq MESCs Mouse","6/1997",0.656254466883281,0.999996234549953,0,0,0.901205424409844,0.379593725365814,"UBA7;LAMP3;IFIT1;DDX60;GBP4;PML"
"FOXO1 25302145 ChIP-Seq T-LYMPHOCYTE Mouse","6/2000",0.65772724483378,0.999996234549953,0,0,0.899699097291876,0.37694239192184,"ZNFX1;DTX3L;CCL5;PARP9;SAMHD1;PML"
"NEUROD2 26341353 ChIP-Seq CORTEX Mouse","6/2000",0.65772724483378,0.999996234549953,0,0,0.899699097291876,0.37694239192184,"IFIH1;RSAD2;OAS3;TRIM14;IFI44;TDRD7"
"FOXA1 25329375 ChIP-Seq VCAP Human","6/2000",0.65772724483378,0.999996234549953,0,0,0.899699097291876,0.37694239192184,"SAMD9L;RSAD2;IFI27;SAMHD1;IFI44L;OASL"
"BCL6 25482012 ChIP-Seq CML-JURL-MK1 Human","6/2000",0.65772724483378,0.999996234549953,0,0,0.899699097291876,0.37694239192184,"PARP10;BST2;UBA7;TRANK1;PLEKHA4;HERC6"
"ELK3 25401928 ChIP-Seq HUVEC Human","6/2000",0.65772724483378,0.999996234549953,0,0,0.899699097291876,0.37694239192184,"BATF2;TAP1;ISG15;PLEKHA4;XAF1;IRF9"
"STAT1 17558387 ChIP-Seq HELA Human","6/2000",0.65772724483378,0.999996234549953,0,0,0.899699097291876,0.37694239192184,"LAMP3;TRANK1;DDX60;SAMHD1;PATL2;RASGRP3"
"KLF4 19829295 ChIP-Seq ESCs Human","6/2000",0.65772724483378,0.999996234549953,0,0,0.899699097291876,0.37694239192184,"BATF2;LAMP3;OAS3;CCL5;CMPK2;ISG15"
"P300 19829295 ChIP-Seq ESCs Human","6/2000",0.65772724483378,0.999996234549953,0,0,0.899699097291876,0.37694239192184,"SAMD9L;LAMP3;MX1;CMPK2;HERC6;RASGRP3"
"CEBPA 20513432 ChIP-Seq MACROPHAGES Mouse","6/2000",0.65772724483378,0.999996234549953,0,0,0.899699097291876,0.37694239192184,"BATF2;PLSCR2;TRIM14;TDRD7;USP18;GBP1"
"CTCF 20526341 ChIP-Seq ESCs Human","6/2000",0.65772724483378,0.999996234549953,0,0,0.899699097291876,0.37694239192184,"BST2;APOL6;UBA7;IFI16;MX1;IFIT5"
"SMC4 20622854 ChIP-Seq HELA Human","6/2000",0.65772724483378,0.999996234549953,0,0,0.899699097291876,0.37694239192184,"BATF2;APOL6;CCL5;ISG15;APOL1;USP18"
"P53 21459846 ChIP-Seq SAOS-2 Human","6/2000",0.65772724483378,0.999996234549953,0,0,0.899699097291876,0.37694239192184,"APOL6;IFI16;MX2;TRIM14;USP18;IRF9"
"FOXH1 21741376 ChIP-Seq ESCs Human","6/2000",0.65772724483378,0.999996234549953,0,0,0.899699097291876,0.37694239192184,"IFI16;CMPK2;HLA-F;SAMHD1;GBP1;HERC6"
"SMAD4 21741376 ChIP-Seq EPCs Human","6/2000",0.65772724483378,0.999996234549953,0,0,0.899699097291876,0.37694239192184,"MX2;NLRC5;SAMHD1;GBP1;IFIT3;PLA1A"
"FOXH1 21741376 ChIP-Seq EPCs Human","6/2000",0.65772724483378,0.999996234549953,0,0,0.899699097291876,0.37694239192184,"OAS3;CMPK2;HLA-F;GBP1;IFIT3;OASL"
"NFYA 21822215 ChIP-Seq K562 Human","6/2000",0.65772724483378,0.999996234549953,0,0,0.899699097291876,0.37694239192184,"IFI6;IFI44;ISG15;GBP1;IFI44L;GBP4"
"SOX2 22085726 ChIP-Seq NPCs Mouse","6/2000",0.65772724483378,0.999996234549953,0,0,0.899699097291876,0.37694239192184,"BST2;IFITM1;PLEKHA4;PARP9;GBP1;IFIT2"
"LXR 22158963 ChIP-Seq LIVER Mouse","6/2000",0.65772724483378,0.999996234549953,0,0,0.899699097291876,0.37694239192184,"BST2;RSAD2;TRIM14;PPM1K;PARP9;USP18"
"SA1 22415368 ChIP-Seq MEFs Mouse","6/2000",0.65772724483378,0.999996234549953,0,0,0.899699097291876,0.37694239192184,"DTX3L;TRANK1;PARP14;IRF9;PML;IFIT2"
"CSB 26484114 Chip-Seq FIBROBLAST Human","6/2000",0.65772724483378,0.999996234549953,0,0,0.899699097291876,0.37694239192184,"ZNFX1;TRIM14;SAMHD1;USP18;IFIT3;PLA1A"
"UBF1/2 26484160 Chip-Seq HMEC-DERIVED Human","6/2000",0.65772724483378,0.999996234549953,0,0,0.899699097291876,0.37694239192184,"BST2;ZNFX1;IFI16;ISG15;PLEKHA4;SAMHD1"
"CREB1 26743006 Chip-Seq LNCaP-abl Human","6/2000",0.65772724483378,0.999996234549953,0,0,0.899699097291876,0.37694239192184,"IFI27;IRF7;IFI6;CMPK2;ISG15;PPM1K"
"KDM2B 26808549 Chip-Seq SUP-B15 Human","6/2000",0.65772724483378,0.999996234549953,0,0,0.899699097291876,0.37694239192184,"PARP10;OAS2;MX1;IFIT5;ISG15;SAMHD1"
"KDM2B 26808549 Chip-Seq JURKAT Human","6/2000",0.65772724483378,0.999996234549953,0,0,0.899699097291876,0.37694239192184,"PARP10;IFIT5;IFI6;ISG15;PPM1K;IFIT3"
"TAL1 26923725 Chip-Seq HPCs Mouse","6/2000",0.65772724483378,0.999996234549953,0,0,0.899699097291876,0.37694239192184,"IFIH1;RSAD2;OAS3;TDRD7;IFIT3;PLA1A"
"CEBPB 26923725 Chip-Seq MACROPHAGESS Mouse","6/2000",0.65772724483378,0.999996234549953,0,0,0.899699097291876,0.37694239192184,"MX2;TRANK1;PARP14;IFIT3;PML;PLA1A"
"SA1 27219007 Chip-Seq ERYTHROID Human","6/2000",0.65772724483378,0.999996234549953,0,0,0.899699097291876,0.37694239192184,"IFITM1;IFI27;IFIT5;IRF7;NLRC5;ISG15"
"FOXA1 27270436 Chip-Seq PROSTATE Human","6/2000",0.65772724483378,0.999996234549953,0,0,0.899699097291876,0.37694239192184,"SAMD9L;RSAD2;IFI27;SAMHD1;IFI44L;OASL"
"SOX2 27498859 Chip-Seq STOMACH Mouse","6/2000",0.65772724483378,0.999996234549953,0,0,0.899699097291876,0.37694239192184,"UBA7;MX2;TRIM14;DDX60;SAMHD1;PML"
"P53 22127205 ChIP-Seq FIBROBLAST Human","2/679",0.66082523451978,0.999996234549953,0,0,0.888894017725258,0.36823845329911,"TRANK1;TRIM21"
"FOXA2 19822575 ChIP-Seq HepG2 Human","9/2968",0.660988668405881,0.999996234549953,0,0,0.905800323722452,0.375018165951433,"ZNFX1;NLRC5;CMPK2;TDRD7;PPM1K;PLEKHA4;SAMHD1;USP18;IRF9"
"ELF1 20517297 ChIP-Seq JURKAT Human","3/1020",0.66108370199722,0.999996234549953,0,0,0.885751744158824,0.366590341731541,"ZNFX1;MX1;ISG15"
"KLF4 18358816 ChIP-ChIP MESCs Mouse","5/1700",0.670595468028926,0.999996234549953,0,0,0.882005899705015,0.352440034554489,"IFITM1;OAS2;TRIM14;PARP14;PML"
"FOXO3 23340844 ChIP-Seq DLD1 Human","2/695",0.673418853514876,0.999996234549953,0,0,0.867649711399711,0.343058088999436,"MX1;PPM1K"
"YY1 22570637 ChIP-Seq MALME-3M Human","3/1049",0.679856534309003,0.999996234549953,0,0,0.859874351270145,0.33180271003163,"ZNFX1;IFIT5;PATL2"
"AR 20517297 ChIP-Seq VCAP Human","6/2047",0.680313426140878,0.999996234549953,0,0,0.876678098971093,0.337697864451671,"IFIH1;RSAD2;IFI27;NLRC5;PPM1K;XAF1"
"PRDM14 20953172 ChIP-Seq ESCs Human","5/1723",0.682361724420456,0.999996234549953,0,0,0.86910055535411,0.332166211824326,"APOL6;MX2;CMPK2;TRIM14;IFIT3"
"NANOG 18700969 ChIP-ChIP MESCs Mouse","1/344",0.68239741854414,0.999996234549953,0,0,0.878717201166181,0.335795685153667,"IFITM1"
"NFE2L2 20460467 ChIP-Seq MEFs Mouse","3/1055",0.683645922889359,0.999996234549953,0,0,0.854698533405758,0.325054802633159,"APOL6;IFIT3;RASGRP3"
"NRF2 20460467 ChIP-Seq MEFs Mouse","3/1055",0.683645922889359,0.999996234549953,0,0,0.854698533405758,0.325054802633159,"APOL6;IFIT3;RASGRP3"
"TAL1 20887958 ChIP-Seq HPC-7 Mouse","6/2067",0.689641890000409,0.999996234549953,0,0,0.867200388161087,0.322236762370962,"APOL6;UBA7;PLSCR2;PLEKHA4;PML;PATL2"
"FOXP3 21729870 ChIP-Seq TREG Human","4/1404",0.689689574897233,0.999996234549953,0,0,0.854101382488479,0.317310342641379,"HERC5;OAS2;HLA-F;OASL"
"GF1 26923725 Chip-Seq HPCs Mouse","4/1432",0.704757089896605,0.999996234549953,0,0,0.836089274419445,0.292549383609658,"OAS3;TDRD7;IFIT3;GBP4"
"SREBP2 21459322 ChIP-Seq LIVER Mouse","3/1095",0.708080298590874,0.999996234549953,0,0,0.821646607360893,0.283630581215517,"OAS3;NLRC5;PPM1K"
"MYCN 21190229 ChIP-Seq SHEP-21N Human","1/373",0.711933040055563,0.999996234549953,0,0,0.809015715467328,0.274880415905078,"OAS3"
"SCL 21571218 ChIP-Seq MEGAKARYOCYTES Human","5/1784",0.712241304646615,0.999996234549953,0,0,0.836489462674739,0.283853091213102,"UBA7;CCL5;CMPK2;TULP2;RASGRP3"
"SMARCD1 25818293 ChIP-Seq ESCs Mouse","6/2119",0.71308777312767,0.999996234549953,0,0,0.84339801230478,0.285195680680808,"OAS3;TRANK1;NLRC5;DDX60;GBP1;PML"
"LYL1 20887958 ChIP-Seq HPC-7 Mouse","2/752",0.715281779278844,0.999996234549953,0,0,0.799333333333333,0.267839587812987,"UBA7;PLEKHA4"
"POU5F1 18358816 ChIP-ChIP MESCs Mouse","2/753",0.715975235262635,0.999996234549953,0,0,0.798227363515313,0.266695505148804,"IFITM1;PPM1K"
"CEBPB 23403033 ChIP-Seq LIVER Mouse","1/382",0.720536559220147,0.999996234549953,0,0,0.789541691903897,0.258779492804335,"SAMHD1"
"TP53 20018659 ChIP-ChIP R1E Mouse","3/1122",0.723763245101897,0.999996234549953,0,0,0.80067236903698,0.258850130507219,"LAMP3;TAP1;PML"
"RARG 19884340 ChIP-ChIP MEFs Mouse","1/390",0.727971356210325,0.999996234549953,0,0,0.772987937512359,0.245418705586752,"PLSCR2"
"E2F1 21310950 ChIP-Seq MCF-7 Human","3/1145",0.736612815569214,0.999996234549953,0,0,0.783587690768076,0.239537175453359,"IFIH1;ZNFX1;OAS3"
"STAT3 23295773 ChIP-Seq U87 Human","9/3165",0.736995168858286,0.999996234549953,0,0,0.839403642185311,0.256164118380501,"IFITM1;ZNFX1;OAS2;NLRC5;SAMHD1;PARP14;XAF1;OASL;RASGRP3"
"RCOR2 21632747 ChIP-Seq MESCs Mouse","1/401",0.737877035288592,0.999996234549953,0,0,0.751307692307692,0.228381075141932,"BST2"
"KLF4 19030024 ChIP-ChIP MESCs Mouse","4/1502",0.740163856303405,0.999996234549953,0,0,0.794004909772169,0.238903127017877,"BST2;IFITM1;TULP2;IFIT2"
"HSF1 23293686 ChIP-Seq STHDH STRIATAL Mouse","3/1156",0.742593950006664,0.999996234549953,0,0,0.775657704538884,0.230840297084474,"BST2;MX2;TULP2"
"CLOCK 20551151 ChIP-Seq 293T Human","1/407",0.743129506403121,0.999996234549953,0,0,0.739977264115195,0.219688111156359,"RSAD2"
"VDR 21846776 ChIP-Seq THP-1 Human","2/794",0.74322997400769,0.999996234549953,0,0,0.755287247474748,0.224131310389252,"IFI27;APOL1"
"AR 22383394 ChIP-Seq PROSTATE CANCER Human","5/1857",0.745429225444482,0.999996234549953,0,0,0.800286796728393,0.235120327446927,"OAS2;CMPK2;PPM1K;DDX60;PML"
"FOXP2 21765815 ChIP-ChIP NEURO2A Mouse","3/1164",0.746877588913957,0.999996234549953,0,0,0.76998482424839,0.224723133602299,"BATF2;ISG15;RASGRP3"
"ESR2 21235772 ChIP-Seq MCF-7 Human","1/424",0.757455090362613,0.999996234549953,0,0,0.709619930896527,0.19712605151664,"MX1"
"SIN3A 21632747 ChIP-Seq MESCs Mouse","3/1186",0.758372196837732,0.999996234549953,0,0,0.754780018516282,0.208757803999525,"BST2;NLRC5;TRIM14"
"VDR 23849224 ChIP-Seq CD4+ Human","6/2231",0.759542103689471,0.999996234549953,0,0,0.795910112359551,0.218906737192881,"HERC5;PARP10;TAP1;CMPK2;PPM1K;IRF9"
"POU5F1 16518401 ChIP-PET MESCs Mouse","4/1550",0.762585224939512,0.999996234549953,0,0,0.767349664065434,0.207983225158308,"OAS3;GBP1;PML;PLA1A"
"GATA3 20176728 ChIP-ChIP TSCs Mouse","2/834",0.767675391310973,0.999996234549953,0,0,0.717472956730769,0.189691457297217,"IFNL2;TRIM21"
"GATA2 21666600 ChIP-Seq HMVEC Human","2/837",0.769426410978424,0.999996234549953,0,0,0.714782934131737,0.18735172808451,"PLSCR2;CMPK2"
"ESR1 17901129 ChIP-ChIP LIVER Mouse","1/444",0.773303745869896,0.999996234549953,0,0,0.676888348671644,0.174016733304371,"PLSCR2"
"ISL1 27105846 Chip-Seq CPCs Mouse","4/1576",0.774107901403998,0.999996234549953,0,0,0.753591069523106,0.192952477539822,"IFIH1;MX1;PPM1K;RASGRP3"
"TP53 16413492 ChIP-PET HCT116 Human","1/449",0.777103784888496,0.999996234549953,0,0,0.669162087912088,0.168750209571887,"TRIM22"
"CEBPB 20176806 ChIP-Seq THIOMACROPHAGE Mouse","4/1588",0.779280429912306,0.999996234549953,0,0,0.747393287715868,0.186388159984005,"BATF2;TRIM14;TDRD7;GBP4"
"NANOG 18358816 ChIP-ChIP MESCs Mouse","3/1232",0.781077389831352,0.999996234549953,0,0,0.724747181215855,0.179071289705914,"IFITM1;OAS2;GBP1"
"PRDM14 21183938 ChIP-Seq MESCs Mouse","5/1944",0.781319699216243,0.999996234549953,0,0,0.760701392470346,0.187718942082712,"BST2;IFITM1;TULP2;ISG15;PML"
"RUNX1 26923725 Chip-Seq HPCs Mouse","2/859",0.781926329415107,0.999996234549953,0,0,0.695631563593932,0.171121713123593,"PARP10;OAS2"
"TBX5 21415370 ChIP-Seq HL-1 Mouse","6/2296",0.783951069515136,0.999996234549953,0,0,0.770480349344978,0.187541598568457,"HERC5;BST2;DTX3L;PLEKHA4;IFIT2;RASGRP3"
"MECOM 23826213 ChIP-Seq KASUMI Mouse","5/1951",0.784036131940254,0.999996234549953,0,0,0.757670210435867,0.184341293302663,"IFIH1;UBA7;IRF7;USP18;PML"
"CIITA 25753668 ChIP-Seq RAJI Human","1/459",0.784516632569807,0.999996234549953,0,0,0.654215653342291,0.158769964996595,"HLA-F"
"PBX1 22567123 ChIP-ChIP OVCAR3 Human","6/2299",0.785032671286605,0.999996234549953,0,0,0.769341474051461,0.186203672798637,"IFITM1;DTX3L;MX1;PPM1K;PARP9;IFI44L"
"MITF 21258399 ChIP-Seq MELANOMA Human","16/5578",0.785729099280829,0.999996234549953,0,0,0.826868033081625,0.199393606256981,"UBA7;MX2;MX1;IFI6;NLRC5;IFI44;IFIT3;IFI44L;RASGRP3;HERC5;ZNFX1;IFI27;IFI16;OAS2;LAMP3;IRF9"
"TCF4 18268006 ChIP-ChIP LS174T Human","1/470",0.792390498572621,0.999996234549953,0,0,0.638510742988355,0.148582059623558,"RASGRP3"
"EZH2 27304074 Chip-Seq ESCs Mouse","2/885",0.79594440353469,0.999996234549953,0,0,0.674228482446206,0.153876429439074,"BST2;TRANK1"
"OCT4 18692474 ChIP-Seq MEFs Mouse","5/1992",0.799442463909794,0.999996234549953,0,0,0.7403450295775,0.165719360314735,"TULP2;ISG15;IFIT1;GBP1;PML"
"VDR 20736230 ChIP-Seq LYMPHOBLASTOID Human","1/483",0.801331243866219,0.999996234549953,0,0,0.620874561123524,0.137511843848512,"IRF7"
"PU.1 20176806 ChIP-Seq MACROPHAGES Mouse","5/2000",0.802349006835956,0.999996234549953,0,0,0.737047536874974,0.162306413801405,"IFIH1;OAS2;PLSCR2;USP18;SMTNL1"
"CEBPA 26348894 ChIP-Seq LIVER Mouse","5/2000",0.802349006835956,0.999996234549953,0,0,0.737047536874974,0.162306413801405,"IFIH1;BST2;CCL5;IFIT1;GBP4"
"JUN 26020271 ChIP-Seq SMOOTH MUSCLE Human","5/2000",0.802349006835956,0.999996234549953,0,0,0.737047536874974,0.162306413801405,"SAMD9L;IFI27;PLSCR2;NLRC5;TDRD7"
"FOXM1 26456572 ChIP-Seq MCF-7 Human","5/2000",0.802349006835956,0.999996234549953,0,0,0.737047536874974,0.162306413801405,"LAMP3;MX1;PPM1K;HERC6;RASGRP3"
"RARA 24833708 ChIP-Seq LIVER Mouse","5/2000",0.802349006835956,0.999996234549953,0,0,0.737047536874974,0.162306413801405,"DTX3L;MX2;IFIT1;PARP14;PLA1A"
"GATA6 25053715 ChIP-Seq YYC3 Human","5/2000",0.802349006835956,0.999996234549953,0,0,0.737047536874974,0.162306413801405,"ZNFX1;IFI6;PARP14;IRF9;RASGRP3"
"FOXA1 25552417 ChIP-Seq VCAP Human","5/2000",0.802349006835956,0.999996234549953,0,0,0.737047536874974,0.162306413801405,"IFI27;IFI6;TRIM14;PPM1K;RASGRP3"
"MEIS1 26253404 ChIP-Seq OPTIC CUPS Mouse","5/2000",0.802349006835956,0.999996234549953,0,0,0.737047536874974,0.162306413801405,"TRANK1;IFIT1;SAMHD1;GBP1;RASGRP3"
"OCT4 19829295 ChIP-Seq ESCs Human","5/2000",0.802349006835956,0.999996234549953,0,0,0.737047536874974,0.162306413801405,"LAMP3;TRANK1;ISG15;SAMHD1;USP18"
"MYC 19829295 ChIP-Seq ESCs Human","5/2000",0.802349006835956,0.999996234549953,0,0,0.737047536874974,0.162306413801405,"IFIH1;MX2;TRIM14;HERC6;RASGRP3"
"ESET 19884257 ChIP-Seq ESCs Mouse","5/2000",0.802349006835956,0.999996234549953,0,0,0.737047536874974,0.162306413801405,"TRANK1;TDRD7;DDX60;GBP4;PML"
"P63 20808887 ChIP-Seq KERATINOCYTES Human","5/2000",0.802349006835956,0.999996234549953,0,0,0.737047536874974,0.162306413801405,"NLRC5;ISG15;SAMHD1;HERC6;SMTNL1"
"NFI 21473784 ChIP-Seq ESCs Mouse","5/2000",0.802349006835956,0.999996234549953,0,0,0.737047536874974,0.162306413801405,"IFIH1;PLSCR2;CMPK2;SAMHD1;PML"
"SMAD2/3 21741376 ChIP-Seq EPCs Human","5/2000",0.802349006835956,0.999996234549953,0,0,0.737047536874974,0.162306413801405,"NLRC5;CMPK2;SAMHD1;GBP1;IFIT3"
"FLI1 21867929 ChIP-Seq CD8 Mouse","5/2000",0.802349006835956,0.999996234549953,0,0,0.737047536874974,0.162306413801405,"CCL5;IFIT1;PARP14;TRIM21;IFIT2"
"ETS1 21867929 ChIP-Seq TH2 Mouse","5/2000",0.802349006835956,0.999996234549953,0,0,0.737047536874974,0.162306413801405,"OAS2;CCL5;TRIM14;PML;IFIT2"
"AR 21915096 ChIP-Seq LNCaP-1F5 Human","5/2000",0.802349006835956,0.999996234549953,0,0,0.737047536874974,0.162306413801405,"MX2;MX1;TRIM14;PML;PLA1A"
"CTCF 21964334 ChIP-Seq BJAB-B Human","5/2000",0.802349006835956,0.999996234549953,0,0,0.737047536874974,0.162306413801405,"BATF2;IFI6;ISG15;IFI44L;IRF9"
"KAP1 22055183 ChIP-Seq ESCs Mouse","5/2000",0.802349006835956,0.999996234549953,0,0,0.737047536874974,0.162306413801405,"HERC5;SAMD9L;MX1;IFIT3;PLA1A"
"LXR 22292898 ChIP-Seq THP-1 Human","5/2000",0.802349006835956,0.999996234549953,0,0,0.737047536874974,0.162306413801405,"PARP10;OAS3;TRIM14;TULP2;ISG15"
"SMC3 22415368 ChIP-Seq MEFs Mouse","5/2000",0.802349006835956,0.999996234549953,0,0,0.737047536874974,0.162306413801405,"PARP10;IRF7;IRF9;PML;IFIT2"
"GATA4 25053715 ChIP-Seq YYC3 Human","5/2000",0.802349006835956,0.999996234549953,0,0,0.737047536874974,0.162306413801405,"BATF2;SAMD9L;APOL6;OAS3;CMPK2"
"FOXA1 26743006 Chip-Seq LNCaP-abl Human","5/2000",0.802349006835956,0.999996234549953,0,0,0.737047536874974,0.162306413801405,"IFIH1;IFI6;IFIT1;GBP1;IFIT2"
"CHD1 26751641 Chip-Seq LNCaP Human","5/2000",0.802349006835956,0.999996234549953,0,0,0.737047536874974,0.162306413801405,"IFI6;TRIM14;TRIM21;IFIT2;HERC6"
"SPI1 26923725 Chip-Seq HPCs Mouse","5/2000",0.802349006835956,0.999996234549953,0,0,0.737047536874974,0.162306413801405,"OAS3;TRIM14;TDRD7;USP18;SMTNL1"
"P300 27268052 Chip-Seq Bcells Human","5/2000",0.802349006835956,0.999996234549953,0,0,0.737047536874974,0.162306413801405,"PARP10;APOL6;CCL5;SAMHD1;OASL"
"BCL6 27268052 Chip-Seq Bcells Human","5/2000",0.802349006835956,0.999996234549953,0,0,0.737047536874974,0.162306413801405,"IFITM1;APOL6;MX1;IRF7;OASL"
"BCOR 27268052 Chip-Seq Bcells Human","5/2000",0.802349006835956,0.999996234549953,0,0,0.737047536874974,0.162306413801405,"BST2;IFITM1;CCL5;IRF7;OASL"
"OCT1 27270436 Chip-Seq PROSTATE Human","5/2000",0.802349006835956,0.999996234549953,0,0,0.737047536874974,0.162306413801405,"MX1;SAMHD1;APOL1;USP18;RASGRP3"
"HOXC9 25013753 ChIP-Seq NEUROBLASTOMA BE2-C Human","5/2014",0.807358054818884,0.999996234549953,0,0,0.731340117014419,0.156498025665744,"PPM1K;IFIT1;SAMHD1;IRF9;PML"
"SETDB1 19884255 ChIP-Seq MESCs Mouse","5/2020",0.809474788700808,0.999996234549953,0,0,0.728918358215027,0.154071218717376,"IFITM1;TAP1;PLEKHA4;PARP14;SMTNL1"
"ER 23166858 ChIP-Seq MCF-7 Human","2/920",0.813577661094623,0.999996234549953,0,0,0.647331154684096,0.133553409605429,"SAMD9L;SAMD9"
"PHC1 16625203 ChIP-ChIP MESCs Mouse","2/922",0.81454381780683,0.999996234549953,0,0,0.64585597826087,0.132482534905573,"DTX3L;PARP9"
"PKCTHETA 26484144 Chip-Seq BREAST Human","1/506",0.81622992748576,0.999996234549953,0,0,0.591896420411272,0.120190007591532,"SAMHD1"
"ELK1 22589737 ChIP-Seq MCF10A Human","2/928",0.817416029463561,0.999996234549953,0,0,0.6414686825054,0.129324639370328,"BATF2;MX1"
"SRY 25088423 ChIP-ChIP EMBRYONIC GONADS Mouse","8/3083",0.817899861165489,0.999996234549953,0,0,0.756220913933277,0.152012026049466,"RSAD2;OAS2;OAS3;TAP1;CMPK2;TRIM14;IFIT1;USP18"
"EOMES 21245162 ChIP-Seq HESCs Human","2/932",0.819309102579713,0.999996234549953,0,0,0.638575268817204,0.127264124926014,"IFITM1;IFI6"
"NR0B1 18358816 ChIP-ChIP MESCs Mouse","4/1691",0.819998770791848,0.999996234549953,0,0,0.697822054802379,0.138484487897731,"IFITM1;OAS2;PPM1K;GBP1"
"PPARD 23208498 ChIP-Seq MDA-MB-231 Human","1/516",0.822359150323558,0.999996234549953,0,0,0.580104555638536,0.113455721740775,"APOL1"
"Nerf2 26677805 Chip-Seq MACROPHAGESS Mouse","3/1331",0.824126299497017,0.999996234549953,0,0,0.667168674698795,0.129051427312089,"SAMD9L;TRIM14;SAMHD1"
"TCF4 23295773 ChIP-Seq U87 Human","10/3812",0.832885748624692,0.999996234549953,0,0,0.757683925753363,0.138549175514878,"BST2;BATF2;SAMD9;CCL5;NLRC5;TDRD7;HLA-F;SAMHD1;XAF1;RASGRP3"
"GATA1 19941826 ChIP-Seq K562 Human","2/967",0.835150627088601,0.999996234549953,0,0,0.614281088082902,0.110658547808443,"RSAD2;CMPK2"
"CEBPD 21427703 ChIP-Seq 3T3-L1 Mouse","4/1735",0.835460064134257,0.999996234549953,0,0,0.678444307784052,0.121965785940789,"SAMD9L;ZNFX1;SAMHD1;IFIT3"
"FUS 26573619 Chip-Seq HEK293 Human","1/543",0.837920249850666,0.999996234549953,0,0,0.550439965938121,0.0973355928601389,"IFI44"
"RXR 22108803 ChIP-Seq LS180 Human","1/555",0.84439775508277,0.999996234549953,0,0,0.538183837822827,0.0910239052131399,"IRF7"
"SPI1 23547873 ChIP-Seq NB4 Human","8/3198",0.848871691313125,0.999996234549953,0,0,0.723986596043671,0.118623200698871,"IFIH1;IFITM1;OAS3;MX2;IRF7;PLEKHA4;PML;IFIT2"
"GRHL2 25758223 ChIP-Seq PLACENTA Mouse","2/1000",0.848947834596409,0.999996234549953,0,0,0.592935871743487,0.0970977184939591,"OAS3;IFIT5"
"AUTS2 25519132 ChIP-Seq 293T-REX Human","2/1000",0.848947834596409,0.999996234549953,0,0,0.592935871743487,0.0970977184939591,"OAS3;CCL5"
"HTT 18923047 ChIP-ChIP STHdh Human","1/566",0.850111118091128,0.999996234549953,0,0,0.527406398910824,0.0856445815235737,"RASGRP3"
"PPARG 20176806 ChIP-Seq MACROPHAGES Mouse","3/1408",0.852527080876703,0.999996234549953,0,0,0.627995255041518,0.100196833792598,"TRIM14;TDRD7;USP18"
"POU5F1 18692474 ChIP-Seq MESCs Mouse","11/4232",0.853237729995983,0.999996234549953,0,0,0.744515517649846,0.118167322732568,"BST2;IFITM1;DTX3L;TULP2;ISG15;PLEKHA4;IFIT1;PARP9;PARP14;GBP1;PML"
"TAL1 26923725 Chip-Seq HEMANGIOBLAST Mouse","3/1413",0.854228482882298,0.999996234549953,0,0,0.625599459642013,0.0985673091955877,"RSAD2;OAS3;IFIT3"
"NUCKS1 24931609 ChIP-Seq HEPATOCYTES Mouse","1/588",0.860925048198785,0.999996234549953,0,0,0.507063294456821,0.0759316282090202,"TAP1"
"CEBPA 23403033 ChIP-Seq LIVER Mouse","1/589",0.861397891481968,0.999996234549953,0,0,0.506174777603349,0.0755206461983039,"SAMHD1"
"FOXA1 27197147 Chip-Seq ENDOMETRIOID-ADENOCARCINOMA Human","1/594",0.863738461183395,0.999996234549953,0,0,0.501777143598392,0.0735029568307127,"TDRD7"
"MEF2A 21415370 ChIP-Seq HL-1 Mouse","2/1048",0.86717847169079,0.999996234549953,0,0,0.564292543021032,0.0804175976026777,"IFIT2;RASGRP3"
"CTBP2 25329375 ChIP-Seq LNCAP Human","2/1053",0.868958933563956,0.999996234549953,0,0,0.561459324452902,0.0788622465476079,"IFI27;IFI16"
"TBP 23326641 ChIP-Seq C3H10T1-2 Mouse","2/1057",0.870367789870329,0.999996234549953,0,0,0.559212085308057,0.0776406758148156,"PLEKHA4;SMTNL1"
"RNF2 27304074 Chip-Seq ESCs Mouse","3/1467",0.871560378984259,0.999996234549953,0,0,0.600767629456154,0.0825876069698295,"BST2;SAMD9L;TDRD7"
"SALL4 18804426 ChIP-ChIP MESCs Mouse","2/1062",0.872109648032322,0.999996234549953,0,0,0.556426886792453,0.0761415218607684,"PARP14;PML"
"RUNX 20019798 ChIP-Seq JUKART Human","1/616",0.87358290449859,0.999996234549953,0,0,0.483277048155097,0.0653159771497359,"HLA-F"
"CTNNB1 20615089 ChIP-ChIP FETAL BRAIN Human","1/637",0.88232501573934,0.999996234549953,0,0,0.466811804547654,0.0584424069058705,"PLEKHA4"
"TTF2 22483619 ChIP-Seq HELA Human","3/1512",0.884616419165307,0.999996234549953,0,0,0.581432042664647,0.0712842385903043,"HERC5;ZNFX1;ISG15"
"SOX9 25088423 ChIP-ChIP EMBRYONIC GONADS Mouse","4/1903",0.884842467638718,0.999996234549953,0,0,0.6127163702458,0.0749631841069911,"RSAD2;PLSCR2;TRIM14;IFIT1"
"TEAD4 22529382 ChIP-Seq TROPHECTODERM Mouse","5/2293",0.888030386102819,0.999996234549953,0,0,0.63216496618136,0.0750691585919371,"ZNFX1;OAS2;TRANK1;PATL2;PLA1A"
"FOXP1 21924763 ChIP-Seq HESCs Human","9/3724",0.888601602535157,0.999996234549953,0,0,0.689339094708508,0.0814152796114681,"HERC5;IFITM1;ZNFX1;TDRD7;APOL1;USP18;PML;PATL2;SMTNL1"
"TDRD3 21172665 ChIP-Seq MCF-7 Human","1/655",0.889342322078279,0.999996234549953,0,0,0.4535403434486,0.053188060907861,"SAMHD1"
"HNF4A 19761587 ChIP-ChIP CACO-2 Human","2/1126",0.892610036340776,0.999996234549953,0,0,0.522964857651246,0.0594116751985635,"APOL6;MX2"
"SMAD2 18955504 ChIP-ChIP HaCaT Human","4/1936",0.892903865505538,0.999996234549953,0,0,0.601148734388566,0.0680959388330141,"ZNFX1;SAMD9;PLEKHA4;PML"
"SMAD3 18955504 ChIP-ChIP HaCaT Human","4/1936",0.892903865505538,0.999996234549953,0,0,0.601148734388566,0.0680959388330141,"ZNFX1;SAMD9;PLEKHA4;PML"
"CNOT3 19339689 ChIP-ChIP MESCs Mouse","3/1547",0.893956907844237,0.999996234549953,0,0,0.567172464840859,0.0635787324911635,"TAP1;PPM1K;IFIT2"
"PDX1 19855005 ChIP-ChIP MIN6 Mouse","1/669",0.894513792901103,0.999996234549953,0,0,0.443712574850299,0.0494628399689429,"MX2"
"CTBP1 25329375 ChIP-Seq LNCAP Human","2/1145",0.898092633048068,0.999996234549953,0,0,0.513752187226597,0.0552191440075892,"SAMD9;IFI16"
"SPI1 22790984 ChIP-Seq ERYTHROLEUKEMIA Mouse","4/1962",0.89891138392605,0.999996234549953,0,0,0.59230946653926,0.06312290625225,"PARP10;OAS3;PML;IFIT2"
"CTCF 18555785 ChIP-Seq MESCs Mouse","3/1568",0.899237247737894,0.999996234549953,0,0,0.558922866271109,0.0593622907768585,"DTX3L;TRIM14;PML"
"PPARD 21283829 ChIP-Seq MYOFIBROBLAST Human","8/3447",0.901969720121543,0.999996234549953,0,0,0.6615796492565,0.0682580365197992,"IFIH1;APOL6;DTX3L;PPM1K;SAMHD1;IRF9;IFIT2;OASL"
"SMAD4 21741376 ChIP-Seq HESCs Human","6/2738",0.903866372723024,0.999996234549953,0,0,0.629648609077599,0.0636409444019271,"BST2;PLSCR2;MX2;TDRD7;IFIT3;GBP4"
"TCFCP2L1 18555785 ChIP-Seq MESCs Mouse","4/1987",0.904412859615773,0.999996234549953,0,0,0.584028760594082,0.0586769722809819,"TAP1;PPM1K;SMTNL1;RASGRP3"
"FOXA1 21572438 ChIP-Seq LNCaP Human","4/2000",0.907170267127095,0.999996234549953,0,0,0.579804770831987,0.0564875498831027,"IFIH1;SAMD9L;CMPK2;IFI44L"
"HOXB7 26014856 ChIP-Seq BT474 Human","4/2000",0.907170267127095,0.999996234549953,0,0,0.579804770831987,0.0564875498831027,"HERC5;NLRC5;PLEKHA4;USP18"
"MNX1 26342078 ChIP-Seq MIN6-4N Mouse","4/2000",0.907170267127095,0.999996234549953,0,0,0.579804770831987,0.0564875498831027,"PARP10;CCL5;TULP2;SAMHD1"
"KLF5 20875108 ChIP-Seq MESCs Mouse","4/2000",0.907170267127095,0.999996234549953,0,0,0.579804770831987,0.0564875498831027,"CCL5;TDRD7;PPM1K;XAF1"
"PU.1 20513432 ChIP-Seq MACROPHAGES Mouse","4/2000",0.907170267127095,0.999996234549953,0,0,0.579804770831987,0.0564875498831027,"IFIH1;SAMD9L;XAF1;SMTNL1"
"OCT4 20526341 ChIP-Seq ESCs Human","4/2000",0.907170267127095,0.999996234549953,0,0,0.579804770831987,0.0564875498831027,"APOL6;TRANK1;IFIT3;RASGRP3"
"FOXA1 21915096 ChIP-Seq LNCaP-1F5 Human","4/2000",0.907170267127095,0.999996234549953,0,0,0.579804770831987,0.0564875498831027,"HERC5;RSAD2;OAS3;PPM1K"
"JARID1B-DAIN 22020125 ChIP-Seq ESCs Mouse","4/2000",0.907170267127095,0.999996234549953,0,0,0.579804770831987,0.0564875498831027,"BATF2;MX1;TRIM14;SAMHD1"
"SOX3 22085726 ChIP-Seq MUSCLE Mouse","4/2000",0.907170267127095,0.999996234549953,0,0,0.579804770831987,0.0564875498831027,"IRF7;IFIT1;USP18;IFIT2"
"PPARA 22158963 ChIP-Seq LIVER Mouse","4/2000",0.907170267127095,0.999996234549953,0,0,0.579804770831987,0.0564875498831027,"RSAD2;TRIM14;PPM1K;IRF9"
"TBL1 22424771 ChIP-Seq 293T Human","4/2000",0.907170267127095,0.999996234549953,0,0,0.579804770831987,0.0564875498831027,"IFIT5;IFI6;IFI44;ISG15"
"NCOR 22424771 ChIP-Seq 293T Human","4/2000",0.907170267127095,0.999996234549953,0,0,0.579804770831987,0.0564875498831027,"IFI16;TRANK1;GBP1;GBP4"
"TOP2B 26459242 ChIP-Seq MCF-7 Human","4/2000",0.907170267127095,0.999996234549953,0,0,0.579804770831987,0.0564875498831027,"RSAD2;SAMD9;PLSCR2;TRANK1"
"UBF1/2 26484160 Chip-Seq HMECs Human","4/2000",0.907170267127095,0.999996234549953,0,0,0.579804770831987,0.0564875498831027,"NLRC5;CMPK2;PPM1K;PARP14"
"CREB1 26743006 Chip-Seq LNCaP Human","4/2000",0.907170267127095,0.999996234549953,0,0,0.579804770831987,0.0564875498831027,"IRF7;IFI6;ISG15;IFI44L"
"CJUN 26792858 Chip-Seq BT549 Human","4/2000",0.907170267127095,0.999996234549953,0,0,0.579804770831987,0.0564875498831027,"PLSCR2;GBP4;IFIT2;RASGRP3"
"KDM2B 26808549 Chip-Seq K562 Human","4/2000",0.907170267127095,0.999996234549953,0,0,0.579804770831987,0.0564875498831027,"PARP10;LAMP3;IFI6;NLRC5"
"KDM2B 26808549 Chip-Seq REH Human","4/2000",0.907170267127095,0.999996234549953,0,0,0.579804770831987,0.0564875498831027,"SAMD9L;CMPK2;IFIT1;RASGRP3"
"KDM2B 26808549 Chip-Seq SIL-ALL Human","4/2000",0.907170267127095,0.999996234549953,0,0,0.579804770831987,0.0564875498831027,"PARP10;IFITM1;IFI6;ISG15"
"LMO2 26923725 Chip-Seq HEMOGENIC-ENDOTHELIUM Mouse","4/2000",0.907170267127095,0.999996234549953,0,0,0.579804770831987,0.0564875498831027,"OAS3;TDRD7;USP18;IFIT3"
"FLI1 26923725 Chip-Seq MACROPHAGESS Mouse","4/2000",0.907170267127095,0.999996234549953,0,0,0.579804770831987,0.0564875498831027,"PARP10;APOL6;OAS2;TRIM14"
"SPI1 26923725 Chip-Seq MACROPHAGESS Mouse","4/2000",0.907170267127095,0.999996234549953,0,0,0.579804770831987,0.0564875498831027,"DTX3L;OAS2;TRIM14;SMTNL1"
"BRD4 27068464 Chip-Seq AML-cells Mouse","4/2000",0.907170267127095,0.999996234549953,0,0,0.579804770831987,0.0564875498831027,"CCL5;IRF7;TRIM14;RASGRP3"
"CTCF 27219007 Chip-Seq Bcells Human","4/2000",0.907170267127095,0.999996234549953,0,0,0.579804770831987,0.0564875498831027,"IFITM1;IFI6;ISG15;SMTNL1"
"RUNX1 27514584 Chip-Seq MCF-7 Human","4/2000",0.907170267127095,0.999996234549953,0,0,0.579804770831987,0.0564875498831027,"PARP10;IFI6;TRIM14;PML"
"SMAD3 21741376 ChIP-Seq EPCs Human","3/1613",0.909778707846978,0.999996234549953,0,0,0.541969831410825,0.0512453543234417,"NLRC5;CMPK2;SAMHD1"
"NANOG 16518401 ChIP-PET MESCs Mouse","8/3520",0.914283872084534,0.999996234549953,0,0,0.644961118529573,0.0577976576406807,"IFITM1;DTX3L;OAS3;PARP9;PARP14;GBP1;PML;PLA1A"
"RAD21 21589869 ChIP-Seq MESCs Mouse","4/2036",0.914450113696573,0.999996234549953,0,0,0.568389636779274,0.0508324283209012,"TRANK1;SAMHD1;PML;IFIT2"
"TP63 22573176 ChIP-Seq HFKS Human","10/4229",0.915418451419542,0.999996234549953,0,0,0.665145769139607,0.0587815884049996,"UBA7;IFI16;OAS2;OAS3;NLRC5;TRIM14;ISG15;IFIT3;PML;IFIT2"
"SREBP1 19666523 ChIP-Seq LIVER Mouse","1/738",0.916721951919902,0.999996234549953,0,0,0.400730612670911,0.0348439546009258,"IFIT2"
"RNF2 16625203 ChIP-ChIP MESCs Mouse","2/1219",0.917090857428114,0.999996234549953,0,0,0.480613188167625,0.0415964612826124,"DTX3L;PARP9"
"SPI1 20176806 ChIP-Seq THIOMACROPHAGE Mouse","3/1654",0.91851945843743,0.999996234549953,0,0,0.52732831472989,0.0448187880727483,"USP18;PML;PLA1A"
"TCF3 18692474 ChIP-Seq MEFs Mouse","1/745",0.918699223654762,0.999996234549953,0,0,0.396815550041356,0.0336485685004956,"IFITM1"
"MYC 18940864 ChIP-ChIP HL60 Human","1/746",0.91897789009241,0.999996234549953,0,0,0.396262261228704,0.0334814726621665,"OAS3"
"TP53 23651856 ChIP-Seq MEFs Mouse","7/3193",0.919436664004296,0.999996234549953,0,0,0.623681998574271,0.0523856195193266,"BST2;NLRC5;XAF1;IFIT3;PML;IFIT2;RASGRP3"
"PIAS1 25552417 ChIP-Seq VCAP Human","1/749",0.919808257525897,0.999996234549953,0,0,0.394611271081859,0.0329855744570709,"CMPK2"
"DCP1A 22483619 ChIP-Seq HELA Human","1/759",0.922516073483238,0.999996234549953,0,0,0.389202354373858,0.0313893564596492,"TDRD7"
"NANOG 16153702 ChIP-ChIP HESCs Human","3/1686",0.924808082480507,0.999996234549953,0,0,0.516396457572928,0.0403662160686548,"IFIH1;IFI16;TRIM22"
"POU5F1 18347094 ChIP-ChIP MESCs Mouse","4/2109",0.927701186272941,0.999996234549953,0,0,0.546440885755881,0.0410079817311893,"IFITM1;LAMP3;PARP14;GBP1"
"SUZ12 16625203 ChIP-ChIP MESCs Mouse","2/1270",0.928221850993834,0.999996234549953,0,0,0.460025630914827,0.0342647842563852,"DTX3L;PARP9"
"SOX2 18358816 ChIP-ChIP MESCs Mouse","1/785",0.929142073334692,0.999996234549953,0,0,0.375784929356358,0.0276177949472009,"IFITM1"
"VDR 24763502 ChIP-Seq THP-1 Human","2/1288",0.931807831447544,0.999996234549953,0,0,0.453149300155521,0.0320053346428457,"PARP10;IFI27"
"MYC 22102868 ChIP-Seq BL Human","1/797",0.932008857974643,0.999996234549953,0,0,0.36988790104368,0.0260449020091808,"TRIM14"
"VDR 24787735 ChIP-Seq THP-1 Human","1/805",0.933856265901792,0.999996234549953,0,0,0.366054343666284,0.0250501030046689,"IFI27"
"TP53 18474530 ChIP-ChIP U2OS Human","1/827",0.938685523391489,0.999996234549953,0,0,0.355894952505122,0.0225191683219977,"TRIM22"
"NANOG 21062744 ChIP-ChIP HESCs Human","1/840",0.941374144837317,0.999996234549953,0,0,0.350142110571193,0.021153700798361,"OAS2"
"CBX2 27304074 Chip-Seq ESCs Mouse","1/840",0.941374144837317,0.999996234549953,0,0,0.350142110571193,0.021153700798361,"TRANK1"
"CHD1 19587682 ChIP-ChIP MESCs Mouse","1/843",0.941977911920916,0.999996234549953,0,0,0.348839758816006,0.020851356840091,"PML"
"STAT3 20064451 ChIP-Seq CD4+T Mouse","4/2204",0.942223695988605,0.999996234549953,0,0,0.520058651026393,0.0309500234382125,"CCL5;PLEKHA4;PARP14;GBP1"
"TCF3 18347094 ChIP-ChIP MESCs Mouse","4/2221",0.944529648808826,0.999996234549953,0,0,0.515576120011058,0.0294230019174368,"IFIH1;IFITM1;OAS2;GBP1"
"BCL3 23251550 ChIP-Seq MUSCLE Mouse","1/858",0.944906087055279,0.999996234549953,0,0,0.342464769769321,0.0194073878196205,"RASGRP3"
"FOXP2 23625967 ChIP-Seq PFSK-1 AND SK-N-MC Human","1/863",0.945849418184359,0.999996234549953,0,0,0.340389077280029,0.0189501066698242,"PARP14"
"SOX2 19030024 ChIP-ChIP MESCs Mouse","1/863",0.945849418184359,0.999996234549953,0,0,0.340389077280029,0.0189501066698242,"IFITM1"
"HOXB4 20404135 ChIP-ChIP EML Mouse","3/1824",0.947222285722417,0.999996234549953,0,0,0.473653931644047,0.0256822205579122,"PLSCR2;PPM1K;IFIT2"
"MYBL2 22936984 ChIP-ChIP MESCs Mouse","4/2250",0.948274385031756,0.999996234549953,0,0,0.508086059805245,0.026985153277633,"IFITM1;PARP9;PML;SMTNL1"
"TET1 21451524 ChIP-Seq MESCs Mouse","3/1839",0.949250498872758,0.999996234549953,0,0,0.469395165473597,0.0244472992062537,"TAP1;SMTNL1;PLA1A"
"RUNX2 22187159 ChIP-Seq PCA Human","7/3423",0.949406831909126,0.999996234549953,0,0,0.573701028063351,0.0297853393309747,"MX2;IRF7;CMPK2;PPM1K;TRIM22;HERC6;RASGRP3"
"CUX1 19635798 ChIP-ChIP MULTIPLE HUMAN CANCER TYPES Human","6/3052",0.950030932495008,0.999996234549953,0,0,0.554432042022324,0.0284205936470553,"PLSCR2;IFIT5;APOL1;GBP1;IFIT2;RASGRP3"
"TAL1 20566737 ChIP-Seq PRIMARY FETAL LIVER ERYTHROID Mouse","3/1875",0.953831318921624,0.999996234549953,0,0,0.459452584452584,0.0217176058711696,"ZNFX1;CMPK2;IFIT1"
"TAF7L 23326641 ChIP-Seq C3H10T1-2 Mouse","1/912",0.954291751144065,0.999996234549953,0,0,0.321253060879845,0.0150300928529993,"APOL6"
"NR3C1 23031785 ChIP-Seq PC12 Mouse","1/918",0.955231934174717,0.999996234549953,0,0,0.319050415233621,0.0146128615612872,"IFI44"
"ESRRB 18555785 ChIP-Seq MESCs Mouse","2/1434",0.955302191887517,0.999996234549953,0,0,0.403762220670391,0.0184630600648884,"PLSCR2;PPM1K"
"AR 25329375 ChIP-Seq VCAP Human","3/1906",0.957469278258883,0.999996234549953,0,0,0.451192352926457,0.0196095613333151,"HERC5;IFI44;PARP14"
"EZH2 23942234 ChIP-Seq MYOBLASTS AND MYOTUBES Mouse","1/935",0.957793575799197,0.999996234549953,0,0,0.312963267995388,0.013495914487101,"ZNFX1"
"SMAD3 21741376 ChIP-Seq HESCs Human","2/1460",0.958590629728814,0.999996234549953,0,0,0.396004801097394,0.0167475052784484,"TDRD7;SMTNL1"
"AR 19668381 ChIP-Seq PC3 Human","7/3519",0.958720494021847,0.999996234549953,0,0,0.554775877379252,0.0233869666969432,"TAP1;IFIT1;HLA-F;SAMHD1;PARP14;PML;RASGRP3"
"SOX17 20123909 ChIP-Seq XEN Mouse","3/1947",0.961876907723102,0.999996234549953,0,0,0.440672153635117,0.0171283938625638,"PLSCR2;PPM1K;SAMHD1"
"GATA2 19941826 ChIP-Seq K562 Human","4/2410",0.965145194765383,0.999996234549953,0,0,0.470007776258279,0.0166743380665091,"BST2;RSAD2;SAMD9;CMPK2"
"IRF4 20064451 ChIP-Seq CD4+T Mouse","1/1000",0.966323654623397,0.999996234549953,0,0,0.291599291599292,0.00998915792061889,"GBP1"
"CBP 20019798 ChIP-Seq JUKART Human","1/1000",0.966323654623397,0.999996234549953,0,0,0.291599291599292,0.00998915792061889,"GBP1"
"ETV2 25802403 ChIP-Seq MESCs Mouse","1/1000",0.966323654623397,0.999996234549953,0,0,0.291599291599292,0.00998915792061889,"HLA-F"
"TET1 21490601 ChIP-Seq MESCs Mouse","3/1994",0.966409995447743,0.999996234549953,0,0,0.429145440195164,0.0146626589819999,"TAP1;USP18;IRF9"
"PAX6 23342162 ChIP-ChIP BETA-FORBRAIN-LENS Mouse","1/1001",0.966440627924752,0.999996234549953,0,0,0.291292307692308,0.00994338299382817,"IRF9"
"JUND 26020271 ChIP-Seq SMOOTH MUSCLE Human","3/2000",0.966951405916047,0.999996234549953,0,0,0.427712998068531,0.0143741666392108,"IFIH1;SAMD9L;SAMD9"
"CEBPB 24764292 ChIP-Seq MC3T3 Mouse","3/2000",0.966951405916047,0.999996234549953,0,0,0.427712998068531,0.0143741666392108,"HERC5;PARP10;TRIM21"
"KLF5 25053715 ChIP-Seq YYC3 Human","3/2000",0.966951405916047,0.999996234549953,0,0,0.427712998068531,0.0143741666392108,"RSAD2;IFI6;APOL1"
"CTCF 18555785 Chip-Seq ESCs Mouse","3/2000",0.966951405916047,0.999996234549953,0,0,0.427712998068531,0.0143741666392108,"IFIH1;SAMHD1;PATL2"
"PHF8 20622854 ChIP-Seq HELA Human","3/2000",0.966951405916047,0.999996234549953,0,0,0.427712998068531,0.0143741666392108,"IFIT5;TULP2;SAMHD1"
"LDB1 21186366 ChIP-Seq BM-HSCs Mouse","3/2000",0.966951405916047,0.999996234549953,0,0,0.427712998068531,0.0143741666392108,"BATF2;TDRD7;XAF1"
"SMAD3 21741376 ChIP-Seq ESCs Human","3/2000",0.966951405916047,0.999996234549953,0,0,0.427712998068531,0.0143741666392108,"LAMP3;CMPK2;SAMHD1"
"GATA3 21867929 ChIP-Seq CD8 Mouse","3/2000",0.966951405916047,0.999996234549953,0,0,0.427712998068531,0.0143741666392108,"OAS3;CCL5;RASGRP3"
"TBX20 22080862 ChIP-Seq HEART Mouse","3/2000",0.966951405916047,0.999996234549953,0,0,0.427712998068531,0.0143741666392108,"HERC5;IFITM1;TRIM14"
"SOX3 22085726 ChIP-Seq NPCs Mouse","3/2000",0.966951405916047,0.999996234549953,0,0,0.427712998068531,0.0143741666392108,"APOL6;MX1;PPM1K"
"SOX11 22085726 ChIP-Seq ESNs Mouse","3/2000",0.966951405916047,0.999996234549953,0,0,0.427712998068531,0.0143741666392108,"MX2;PPM1K;PARP14"
"TBX20 22328084 ChIP-Seq HEART Mouse","3/2000",0.966951405916047,0.999996234549953,0,0,0.427712998068531,0.0143741666392108,"HERC5;IFITM1;TRIM14"
"TCF7 22412390 ChIP-Seq EML Mouse","3/2000",0.966951405916047,0.999996234549953,0,0,0.427712998068531,0.0143741666392108,"DTX3L;ISG15;TDRD7"
"UBF1/2 26484160 Chip-Seq FIBROBLAST Human","3/2000",0.966951405916047,0.999996234549953,0,0,0.427712998068531,0.0143741666392108,"HLA-F;HERC6;RASGRP3"
"KLF4 26769127 Chip-Seq PDAC-Cell line Human","3/2000",0.966951405916047,0.999996234549953,0,0,0.427712998068531,0.0143741666392108,"IRF7;ISG15;IFIT3"
"CTCF 27219007 Chip-Seq ERYTHROID Human","3/2000",0.966951405916047,0.999996234549953,0,0,0.427712998068531,0.0143741666392108,"IFITM1;RSAD2;ISG15"
"RCOR3 21632747 ChIP-Seq MESCs Mouse","5/2851",0.96769733285621,0.999996234549953,0,0,0.492148888863288,0.0161601582291927,"PARP10;APOL6;OAS2;PARP9;RASGRP3"
"EP300 21415370 ChIP-Seq HL-1 Mouse","1/1014",0.967925348758175,0.999996234549953,0,0,0.287356670969702,0.00936791762626744,"RASGRP3"
"RBPJ 21746931 ChIP-Seq IB4-LCL Human","3/2013",0.968096890929628,0.999996234549953,0,0,0.424638711205875,0.0137681045773949,"IFI16;MX2;IFIT3"
"TP63 23658742 ChIP-Seq EP156T Human","7/3652",0.969129867994877,0.999996234549953,0,0,0.530203901327567,0.0166254199509828,"SAMD9;OAS2;OAS3;TRANK1;CMPK2;DDX60;RASGRP3"
"PRDM5 23873026 ChIP-Seq MEFs Mouse","1/1029",0.969558221417569,0.999996234549953,0,0,0.282939239748578,0.00874699672990556,"TRIM14"
"SMAD4 21799915 ChIP-Seq A2780 Human","4/2464",0.969595696529898,0.999996234549953,0,0,0.458274324678731,0.0141497248268204,"IFI44;TDRD7;PPM1K;OASL"
"PADI4 21655091 ChIP-ChIP MCF-7 Human","1/1037",0.970395321137984,0.999996234549953,0,0,0.280635580635581,0.00843358833040502,"OAS3"
"EWS-ERG 20517297 ChIP-Seq CADO-ES1 Human","1/1038",0.970498351203804,0.999996234549953,0,0,0.280350122394481,0.00839524569735423,"IFIT3"
"RNF2 27304074 Chip-Seq NSC Mouse","1/1052",0.971904225497403,0.999996234549953,0,0,0.276410744346044,0.00787715693466629,"SAMD9L"
"BMI1 23680149 ChIP-Seq NPCS Mouse","1/1056",0.972293638912559,0.999996234549953,0,0,0.275304411228582,0.00773534435767031,"TRANK1"
"DMRT1 23473982 ChIP-Seq TESTES Mouse","3/2072",0.972848099397226,0.999996234549953,0,0,0.411171718566595,0.0113184574089109,"APOL6;UBA7;OAS2"
"ERG 20517297 ChIP-Seq VCAP Human","1/1062",0.97286781159789,0.999996234549953,0,0,0.273660552454143,0.00752759793487504,"SMTNL1"
"PAX3-FKHR 20663909 ChIP-Seq RHABDOMYOSARCOMA Human","1/1063",0.972962360865255,0.999996234549953,0,0,0.273388381862958,0.00749354305084972,"IFI16"
"TBX3 20139965 ChIP-Seq MESCs Mouse","1/1068",0.97343026100347,0.999996234549953,0,0,0.272035181313532,0.00732566100242925,"PLEKHA4"
"TBX3 20139965 ChIP-Seq ESCs Mouse","1/1070",0.973615179776319,0.999996234549953,0,0,0.271497445491833,0.00725960984486672,"PLEKHA4"
"ERA 27197147 Chip-Seq ENDOMETRIOID-ADENOCARCINOMA Human","1/1073",0.973890183655312,0.999996234549953,0,0,0.270694603903559,0.0071616939080563,"USP18"
"EP300 20729851 ChIP-Seq FORBRAIN MIDBRAIN LIMB HEART Mouse","3/2093",0.974374222843575,0.999996234549953,0,0,0.406561859193438,0.0105542794996201,"ZNFX1;TDRD7;PPM1K"
"CEBPB 26923725 Chip-Seq MESODERM Mouse","1/1079",0.974431749194292,0.999996234549953,0,0,0.269102326245183,0.00696996532436313,"OAS3"
"ELF5 23300383 ChIP-Seq T47D Human","1/1087",0.975136659141657,0.999996234549953,0,0,0.267006658166879,0.0067226014109604,"MX1"
"MYC 19915707 ChIP-ChIP AK7 Human","5/2979",0.976342531860695,0.999996234549953,0,0,0.467439117157441,0.0111913335578521,"APOL6;OAS2;IFI44;ISG15;TRIM21"
"CCND1 20090754 ChIP-ChIP RETINA Mouse","3/2137",0.977316493580554,0.999996234549953,0,0,0.397197304413799,0.00911358693162851,"BST2;PPM1K;IFIT2"
"SMARCA4 20176728 ChIP-ChIP TSCs Mouse","1/1118",0.977691891925288,0.999996234549953,0,0,0.259169478686041,0.00584704421342092,"BATF2"
"GF1B 26923725 Chip-Seq HPCs Mouse","2/1676",0.978331527284498,0.999996234549953,0,0,0.340875149342891,0.00746744330619364,"TDRD7;IFIT3"
"NR3C1 21868756 ChIP-Seq MCF10A Human","1/1132",0.978759338495849,0.999996234549953,0,0,0.255770931102496,0.00549127156916016,"APOL6"
"SUZ12 18692474 ChIP-Seq MEFs Mouse","1/1135",0.978981445535641,0.999996234549953,0,0,0.255053588386922,0.00541799857591448,"TAP1"
"POU3F2 20337985 ChIP-ChIP 501MEL Human","2/1702",0.979985822283156,0.999996234549953,0,0,0.335183823529412,0.00677646984322552,"HERC5;PLSCR2"
"SOX9 26525672 Chip-Seq HEART Mouse","2/1702",0.979985822283156,0.999996234549953,0,0,0.335183823529412,0.00677646984322552,"CMPK2;IFIT3"
"GABP 19822575 ChIP-Seq HepG2 Human","4/2639",0.980687618957289,0.999996234549953,0,0,0.423553896064149,0.00825985217060457,"ZNFX1;IFIT5;TDRD7;SAMHD1"
"E2F1 17053090 ChIP-ChIP MCF-7 Human","2/1726",0.981405465982274,0.999996234549953,0,0,0.330082656612529,0.0061955147329762,"OAS3;USP18"
"HNF4A 19822575 ChIP-Seq HepG2 Human","13/6083",0.982180286112852,0.999996234549953,0,0,0.560231264182027,0.0100731803917213,"BATF2;IFIT5;NLRC5;TULP2;TDRD7;SAMHD1;PARP14;USP18;IFIT3;APOL6;ZNFX1;TRIM14;APOL1"
"TFAP2C 20629094 ChIP-Seq MCF-7 Human","1/1203",0.983444917917575,0.999996234549953,0,0,0.239754255727633,0.00400237336881168,"ZNFX1"
"KLF4 25985364 ChIP-Seq ATHEROSCLEROSIS LESION Mouse","1/1211",0.983904286177725,0.999996234549953,0,0,0.238067387158296,0.00386303778800433,"SAMD9L"
"SOX9 26525672 Chip-Seq Limbbuds Mouse","1/1230",0.984945564965038,0.999996234549953,0,0,0.234149089315892,0.00355178490111887,"CMPK2"
"EKLF 21900194 ChIP-Seq ERYTHROCYTE Mouse","1/1239",0.985415358118062,0.999996234549953,0,0,0.232335031688828,0.00341347635146483,"BST2"
"PPARG 20176806 ChIP-Seq 3T3-L1 Mouse","2/1807",0.985520670773189,0.999996234549953,0,0,0.313867728531856,0.0045778165949191,"APOL6;SMTNL1"
"LMO2 26923725 Chip-Seq HEMANGIOBLAST Mouse","2/1822",0.986180315327708,0.999996234549953,0,0,0.311023351648352,0.00432822133770219,"RSAD2;IFIT3"
"JARID2 20075857 ChIP-Seq MESCs Mouse","1/1258",0.986360229769548,0.999996234549953,0,0,0.228590661526222,0.00313938334036825,"TRANK1"
"BRD4 25478319 ChIP-Seq HGPS Human","3/2326",0.986716025228046,0.999996234549953,0,0,0.361006908144231,0.00482774394378797,"SAMD9L;APOL6;RASGRP3"
"REST 21632747 ChIP-Seq MESCs Mouse","3/2339",0.987204311189406,0.999996234549953,0,0,0.358732876712329,0.00461985480929974,"TRANK1;NLRC5;PARP14"
"SETDB1 19884257 ChIP-Seq MESCs Mouse","3/2353",0.987711214519606,0.999996234549953,0,0,0.356312056737589,0.00440576899217523,"ZNFX1;TDRD7;GBP4"
"NANOG 18347094 ChIP-ChIP MESCs Mouse","2/1908",0.989441062418509,0.999996234549953,0,0,0.295579748163694,0.00313760229076914,"IFITM1;PPM1K"
"ESR1 22446102 ChIP-Seq UTERUS Mouse","2/1916",0.989703686736816,0.999996234549953,0,0,0.29421368861024,0.00304501958264972,"BST2;RSAD2"
"TCF3 18692474 ChIP-Seq MESCs Mouse","1/1351",0.99018242956099,0.999996234549953,0,0,0.211783475783476,0.00208947283033344,"IFITM1"
"FOXM1 26100407 CHIP-SEQ Hek293 flp-in Human","2/1934",0.99027186255065,0.999996234549953,0,0,0.291181418219462,0.00284652109199328,"IFI6;CMPK2"
"ASH2L 23239880 ChIP-Seq MESCs Mouse","5/3336",0.990527318225519,0.999996234549953,0,0,0.408556481340217,0.00388857235477742,"IFITM1;APOL6;PARP14;IFIT2;PLA1A"
"TCF3 18467660 ChIP-ChIP MESCs Mouse","1/1388",0.991390164572687,0.999996234549953,0,0,0.205723476235372,0.00177891439069468,"OAS2"
"SOX2 18692474 ChIP-Seq MEFs Mouse","2/1991",0.991879189164555,0.999996234549953,0,0,0.28194130216189,0.00229893929280173,"BST2;IFITM1"
"MYC 20876797 ChIP-ChIP MEDULLOBLASTOMA Human","1/1406",0.991923551444544,0.999996234549953,0,0,0.202890774705721,0.00164528993373056,"PML"
"POU3F1 26484290 ChIP-Seq ESCss Mouse","2/2000",0.992108392823304,0.999996234549953,0,0,0.280530530530531,0.00222261834411758,"IFIH1;SAMHD1"
"NCOR1 26117541 ChIP-Seq K562 Human","2/2000",0.992108392823304,0.999996234549953,0,0,0.280530530530531,0.00222261834411758,"TRANK1;IFI6"
"OCT4 18555785 Chip-Seq ESCs Mouse","2/2000",0.992108392823304,0.999996234549953,0,0,0.280530530530531,0.00222261834411758,"IFI44;SAMHD1"
"E2F1 18555785 Chip-Seq ESCs Mouse","2/2000",0.992108392823304,0.999996234549953,0,0,0.280530530530531,0.00222261834411758,"TDRD7;SAMHD1"
"ZFX 18555785 Chip-Seq ESCs Mouse","2/2000",0.992108392823304,0.999996234549953,0,0,0.280530530530531,0.00222261834411758,"SAMHD1;PATL2"
"PU.1 20513432 ChIP-Seq Bcells Mouse","2/2000",0.992108392823304,0.999996234549953,0,0,0.280530530530531,0.00222261834411758,"PARP10;IFIT3"
"ERA 21632823 ChIP-Seq H3396 Human","2/2000",0.992108392823304,0.999996234549953,0,0,0.280530530530531,0.00222261834411758,"IFI27;SAMD9"
"SMAD4 21741376 ChIP-Seq ESCs Human","2/2000",0.992108392823304,0.999996234549953,0,0,0.280530530530531,0.00222261834411758,"CMPK2;SAMHD1"
"TCF4 22108803 ChIP-Seq LS180 Human","2/2000",0.992108392823304,0.999996234549953,0,0,0.280530530530531,0.00222261834411758,"PARP14;USP18"
"CEBPB 22108803 ChIP-Seq LS180 Human","2/2000",0.992108392823304,0.999996234549953,0,0,0.280530530530531,0.00222261834411758,"APOL6;IFIT3"
"ETS1 22383799 ChIP-Seq G1ME Mouse","2/2000",0.992108392823304,0.999996234549953,0,0,0.280530530530531,0.00222261834411758,"SAMHD1;IFIT3"
"SMC1 22415368 ChIP-Seq MEFs Mouse","2/2000",0.992108392823304,0.999996234549953,0,0,0.280530530530531,0.00222261834411758,"IRF7;IFIT2"
"EBF1 22473956 ChIP-Seq LYMPHODE Mouse","2/2000",0.992108392823304,0.999996234549953,0,0,0.280530530530531,0.00222261834411758,"IFIH1;SAMHD1"
"GATA3 26560356 Chip-Seq TH1 Human","2/2000",0.992108392823304,0.999996234549953,0,0,0.280530530530531,0.00222261834411758,"CMPK2;PARP9"
"FLI1 26923725 Chip-Seq HEMOGENIC-ENDOTHELIUM Mouse","2/2000",0.992108392823304,0.999996234549953,0,0,0.280530530530531,0.00222261834411758,"PARP10;USP18"
"CEBPB 26923725 Chip-Seq HEMOGENIC-ENDOTHELIUM Mouse","2/2000",0.992108392823304,0.999996234549953,0,0,0.280530530530531,0.00222261834411758,"TDRD7;IFIT3"
"PU 27001747 Chip-Seq BMDM Mouse","2/2000",0.992108392823304,0.999996234549953,0,0,0.280530530530531,0.00222261834411758,"CMPK2;IFIT3"
"ATF3 27146783 Chip-Seq COLON Human","2/2000",0.992108392823304,0.999996234549953,0,0,0.280530530530531,0.00222261834411758,"USP18;TRIM22"
"MYCN 27167114 Chip-Seq NEUROBLASTOMA Human","2/2000",0.992108392823304,0.999996234549953,0,0,0.280530530530531,0.00222261834411758,"IFITM1;TULP2"
"KAP1 27257070 Chip-Seq ESCs Mouse","2/2000",0.992108392823304,0.999996234549953,0,0,0.280530530530531,0.00222261834411758,"IFITM1;PARP14"
"SUZ12 27294783 Chip-Seq ESCs Mouse","2/2000",0.992108392823304,0.999996234549953,0,0,0.280530530530531,0.00222261834411758,"IRF7;PARP14"
"EZH2 27294783 Chip-Seq ESCs Mouse","2/2000",0.992108392823304,0.999996234549953,0,0,0.280530530530531,0.00222261834411758,"TRIM14;TDRD7"
"ZFP281 27345836 Chip-Seq ESCs Mouse","2/2000",0.992108392823304,0.999996234549953,0,0,0.280530530530531,0.00222261834411758,"NLRC5;ISG15"
"RARB 27405468 Chip-Seq BRAIN Mouse","2/2000",0.992108392823304,0.999996234549953,0,0,0.280530530530531,0.00222261834411758,"OAS2;CMPK2"
"RUNX1 27457419 Chip-Seq LIVER Mouse","2/2000",0.992108392823304,0.999996234549953,0,0,0.280530530530531,0.00222261834411758,"IFIH1;SAMHD1"
"SALL4 22934838 ChIP-ChIP CD34+ Human","1/1418",0.992260916637635,0.999996234549953,0,0,0.201042288692253,0.00156193482959164,"APOL6"
"MYC 18358816 ChIP-ChIP MESCs Mouse","5/3413",0.992290500028701,0.999996234549953,0,0,0.39747363965212,0.00307619627656436,"BST2;PLEKHA4;PARP14;IFIT2;SMTNL1"
"SOX2 21211035 ChIP-Seq LN229 Gbm","5/3420",0.992434602994444,0.999996234549953,0,0,0.396490891198425,0.00301101517954648,"ZNFX1;PLSCR2;IFI44;TDRD7;RASGRP3"
"E2F4 21247883 ChIP-Seq LYMPHOBLASTOID Human","4/2998",0.992757716539867,0.999996234549953,0,0,0.365031137543905,0.00265327850676515,"OAS3;IFIT5;IRF7;NLRC5"
"OLIG2 23332759 ChIP-Seq OLIGODENDROCYTES Mouse","2/2040",0.993053912404916,0.999996234549953,0,0,0.274411187438665,0.00191273487432954,"TRANK1;RASGRP3"
"MEIS1 20887958 ChIP-Seq HPC-7 Mouse","1/1452",0.993143196902097,0.999996234549953,0,0,0.195970948417537,0.0013483622344273,"RASGRP3"
"WT1 25993318 ChIP-Seq PODOCYTE Human","5/3464",0.993284387866685,0.999996234549953,0,0,0.390404693861108,0.0026306496303612,"IFITM1;TRANK1;NLRC5;CMPK2;PLA1A"
"CREB1 20920259 ChIP-Seq GC1-SPG Mouse","4/3057",0.993872875277536,0.999996234549953,0,0,0.356730027577317,0.00219245296772625,"ZNFX1;TAP1;PLEKHA4;SAMHD1"
"SUZ12 20075857 ChIP-Seq MESCs Mouse","7/4356",0.994341855480728,0.999996234549953,0,0,0.425170797105121,0.00241250943347693,"IFIH1;TRANK1;TAP1;CMPK2;TRIM14;ISG15;USP18"
"XRN2 22483619 ChIP-Seq HELA Human","1/1529",0.99479137196208,0.999996234549953,0,0,0.185320177204994,0.000967786484596723,"ZNFX1"
"PPARG 20887899 ChIP-Seq 3T3-L1 Mouse","5/3565",0.994909385460302,0.999996234549953,0,0,0.377003131331737,0.00192407916025974,"SAMD9L;DTX3L;PLSCR2;NLRC5;PARP9"
"ETS1 20019798 ChIP-Seq JURKAT Human","1/1607",0.996061931923264,0.999996234549953,0,0,0.175572372832647,0.000692780962999537,"PLEKHA4"
"E2F1 18555785 ChIP-Seq MESCs Mouse","6/4172",0.99691233969401,0.999996234549953,0,0,0.37849255880941,0.00117046437948842,"BST2;IFITM1;DTX3L;PARP9;SAMHD1;PML"
"SOX2 18692474 ChIP-Seq MESCs Mouse","4/3319",0.997139619380441,0.999996234549953,0,0,0.323436967839245,0.000926478507632002,"BST2;IFITM1;OAS2;PARP14"
"DACH1 20351289 ChIP-Seq MDA-MB-231 Human","1/1698",0.997162203042814,0.999996234549953,0,0,0.165332487194597,0.000469847010050835,"ZNFX1"
"FLI1 21571218 ChIP-Seq MEGAKARYOCYTES Human","10/5834",0.997491163992854,0.999996234549953,0,0,0.432630985086342,0.00108676402029146,"APOL6;UBA7;IFI16;OAS2;CCL5;NLRC5;CMPK2;TRIM22;IRF9;RASGRP3"
"SFPI1 20887958 ChIP-Seq HPC-7 Mouse","2/2369",0.997621915886502,0.999996234549953,0,0,0.231925961132235,0.000552196288832703,"PLEKHA4;IRF9"
"CREB1 23762244 ChIP-Seq HIPPOCAMPUS Rat","2/2393",0.997804018748527,0.999996234549953,0,0,0.229284295273944,0.000504057667055951,"ZNFX1;TAP1"
"MTF2 20144788 ChIP-Seq MESCs Mouse","3/2981",0.99816657249354,0.999996234549953,0,0,0.271131152259426,0.000497555567946588,"IFIH1;TAP1;ISG15"
"SMARCA4 23332759 ChIP-Seq OLIGODENDROCYTES Mouse","2/2522",0.998573529594452,0.999996234549953,0,0,0.215947420634921,0.000308262520680334,"TRANK1;RASGRP3"
"TFAP2A 17053090 ChIP-ChIP MCF-7 Human","1/1904",0.998655929028834,0.999996234549953,0,0,0.145769837099317,0.000196056793174055,"APOL1"
"SUZ12 18692474 ChIP-Seq MESCs Mouse","1/1909",0.998680212782083,0.999996234549953,0,0,0.145347524592808,0.000191954502544136,"TAP1"
"NANOG 18555785 Chip-Seq ESCs Mouse","1/2000",0.999053608833233,0.999996234549953,0,0,0.138030553738408,0.000130692749793294,"IFI44"
"SOX2 18555785 Chip-Seq ESCs Mouse","1/2000",0.999053608833233,0.999996234549953,0,0,0.138030553738408,0.000130692749793294,"SAMHD1"
"STAT3 18555785 Chip-Seq ESCs Mouse","1/2000",0.999053608833233,0.999996234549953,0,0,0.138030553738408,0.000130692749793294,"SAMHD1"
"KLF4 18555785 Chip-Seq ESCs Mouse","1/2000",0.999053608833233,0.999996234549953,0,0,0.138030553738408,0.000130692749793294,"SAMHD1"
"ESRRB 18555785 Chip-Seq ESCs Mouse","1/2000",0.999053608833233,0.999996234549953,0,0,0.138030553738408,0.000130692749793294,"SAMHD1"
"NMYC 18555785 Chip-Seq ESCs Mouse","1/2000",0.999053608833233,0.999996234549953,0,0,0.138030553738408,0.000130692749793294,"SAMHD1"
"SUZ12 18555785 Chip-Seq ESCs Mouse","1/2000",0.999053608833233,0.999996234549953,0,0,0.138030553738408,0.000130692749793294,"IFI44"
"NELFA 20434984 ChIP-Seq ESCs Mouse","1/2000",0.999053608833233,0.999996234549953,0,0,0.138030553738408,0.000130692749793294,"BST2"
"LUZP1 20508642 ChIP-Seq ESCs Mouse","1/2000",0.999053608833233,0.999996234549953,0,0,0.138030553738408,0.000130692749793294,"CMPK2"
"TAL1 21186366 ChIP-Seq BM-HSCs Mouse","1/2000",0.999053608833233,0.999996234549953,0,0,0.138030553738408,0.000130692749793294,"CMPK2"
"DPY 21335234 ChIP-Seq ESCs Mouse","1/2000",0.999053608833233,0.999996234549953,0,0,0.138030553738408,0.000130692749793294,"OAS2"
"CDX2 21402776 ChIP-Seq INTESTINAL-VILLUS Mouse","1/2000",0.999053608833233,0.999996234549953,0,0,0.138030553738408,0.000130692749793294,"CMPK2"
"FLI1 21867929 ChIP-Seq TH2 Mouse","1/2000",0.999053608833233,0.999996234549953,0,0,0.138030553738408,0.000130692749793294,"CMPK2"
"RING1B 27294783 Chip-Seq ESCs Mouse","1/2000",0.999053608833233,0.999996234549953,0,0,0.138030553738408,0.000130692749793294,"CMPK2"
"RING1B 27294783 Chip-Seq NPCs Mouse","1/2000",0.999053608833233,0.999996234549953,0,0,0.138030553738408,0.000130692749793294,"TDRD7"
"PU1 27457419 Chip-Seq LIVER Mouse","1/2000",0.999053608833233,0.999996234549953,0,0,0.138030553738408,0.000130692749793294,"TDRD7"
"ZFP281 18757296 ChIP-ChIP E14 Mouse","1/2004",0.999067372211431,0.999996234549953,0,0,0.137724182956335,0.000128505333324173,"PLEKHA4"
"TCFAP2C 20176728 ChIP-ChIP TROPHOBLAST STEM CELLS Mouse","2/2667",0.999127080696207,0.999996234549953,0,0,0.20249765478424,0.000176841307163506,"PARP14;PML"
"ZFX 18555785 ChIP-Seq MESCs Mouse","3/3249",0.999224027012398,0.999996234549953,0,0,0.244814130211542,0.000190042895643754,"TULP2;SAMHD1;PML"
"REST 19997604 ChIP-ChIP NEURONS Mouse","1/2118",0.999386335056121,0.999996234549953,0,0,0.129479306711239,7.94813014256339e-05,"GBP4"
"MYC 19030024 ChIP-ChIP MESCs Mouse","4/3868",0.99947204749663,0.999996234549953,0,0,0.268316302678154,0.000141695671278192,"BST2;PPM1K;PLEKHA4;PARP14"
"YAP1 20516196 ChIP-Seq MESCs Mouse","1/2329",0.999718429616089,0.999996234549953,0,0,0.116349458102035,3.27651746534916e-05,"PARP14"
"RUNX1 21571218 ChIP-Seq MEGAKARYOCYTES Human","6/5071",0.999784172830897,0.999996234549953,0,0,0.293563672260612,6.33658546178868e-05,"HERC5;IFI16;MX1;IFIT5;IFI6;USP18"
"TRIM28 19339689 ChIP-ChIP MESCs Mouse","2/3072",0.999784869386709,0.999996234549953,0,0,0.171661237785016,3.6933560275204e-05,"IFITM1;SMTNL1"
"SIN3B 21632747 ChIP-Seq MESCs Mouse","4/4302",0.999870698068699,0.999996234549953,0,0,0.234707816088503,3.0350136119659e-05,"PARP10;BST2;NLRC5;PARP14"
"EGR1 20690147 ChIP-Seq ERYTHROLEUKEMIA Human","6/6207",0.999991854728349,0.999996234549953,0,0,0.221464279954846,1.80389406784998e-06,"ZNFX1;MX1;IRF7;TAP1;PLEKHA4;HLA-F"
"CREM 20920259 ChIP-Seq GC1-SPG Mouse","2/5776",0.999996234549953,0.999996234549953,0,0,0.0766366470384482,2.88572009519582e-07,"ZNFX1;TULP2"
